context_id,year,state_ut,city,crime_category,crime_count,measure_type,synthetic_flag,data_origin,source_dataset,source_record_reference,confidence,scenario_id
CTX-00001,2023,Maharashtra,Mumbai,theft,17885,aggregate_count,false,DERIVED,01_NCRB_India_2023,aggregate-pattern-00001,MEDIUM,
CTX-00002,2022,Madhya Pradesh,Indore,cyber-related,5972,aggregate_count,false,DERIVED,01_NCRB_India_2023,aggregate-pattern-00002,MEDIUM,
CTX-00003,2024,Maharashtra,Nashik,fraud,12988,aggregate_count,false,DERIVED,01_NCRB_India_2023,aggregate-pattern-00003,MEDIUM,
CTX-00004,2022,Maharashtra,Pune,violent,5993,aggregate_count,false,DERIVED,01_NCRB_India_2023,aggregate-pattern-00004,MEDIUM,
CTX-00005,2023,Madhya Pradesh,Indore,violent,24223,aggregate_count,false,DERIVED,01_NCRB_India_2023,aggregate-pattern-00005,MEDIUM,
CTX-00006,2024,Madhya Pradesh,Indore,cyber-related,15438,aggregate_count,false,DERIVED,01_NCRB_India_2023,aggregate-pattern-00006,MEDIUM,
CTX-00007,2023,Gujarat,Ahmedabad,violent,10167,aggregate_count,false,DERIVED,01_NCRB_India_2023,aggregate-pattern-00007,MEDIUM,
CTX-00008,2024,Maharashtra,Nagpur,fraud,14598,aggregate_count,false,DERIVED,01_NCRB_India_2023,aggregate-pattern-00008,MEDIUM,
CTX-00009,2023,Maharashtra,Mumbai,fraud,21063,aggregate_count,false,DERIVED,01_NCRB_India_2023,aggregate-pattern-00009,MEDIUM,
CTX-00010,2023,Maharashtra,Nagpur,other,7062,aggregate_count,false,DERIVED,01_NCRB_India_2023,aggregate-pattern-00010,MEDIUM,
CTX-00011,2023,Telangana,Hyderabad,theft,11813,aggregate_count,false,DERIVED,01_NCRB_India_2023,aggregate-pattern-00011,MEDIUM,
CTX-00012,2024,Maharashtra,Nagpur,property,9964,aggregate_count,false,DERIVED,01_NCRB_India_2023,aggregate-pattern-00012,MEDIUM,
CTX-00013,2024,Gujarat,Ahmedabad,other,109,aggregate_count,false,DERIVED,01_NCRB_India_2023,aggregate-pattern-00013,MEDIUM,
CTX-00014,2024,Delhi,Delhi,theft,11695,aggregate_count,false,DERIVED,01_NCRB_India_2023,aggregate-pattern-00014,MEDIUM,
CTX-00015,2023,West Bengal,Kolkata,theft,16096,aggregate_count,false,DERIVED,01_NCRB_India_2023,aggregate-pattern-00015,MEDIUM,
CTX-00016,2023,Maharashtra,Nashik,other,918,aggregate_count,false,DERIVED,01_NCRB_India_2023,aggregate-pattern-00016,MEDIUM,
CTX-00017,2024,Maharashtra,Nagpur,property,11261,aggregate_count,false,DERIVED,01_NCRB_India_2023,aggregate-pattern-00017,MEDIUM,
CTX-00018,2024,West Bengal,Kolkata,cyber-related,6761,aggregate_count,false,DERIVED,01_NCRB_India_2023,aggregate-pattern-00018,MEDIUM,
CTX-00019,2022,Maharashtra,Nashik,cyber-related,3318,aggregate_count,false,DERIVED,01_NCRB_India_2023,aggregate-pattern-00019,MEDIUM,
CTX-00020,2022,Karnataka,Bengaluru,fraud,316,aggregate_count,false,DERIVED,01_NCRB_India_2023,aggregate-pattern-00020,MEDIUM,
CTX-00021,2023,Delhi,Delhi,property,20430,aggregate_count,false,DERIVED,01_NCRB_India_2023,aggregate-pattern-00021,MEDIUM,
CTX-00022,2022,Gujarat,Ahmedabad,theft,21008,aggregate_count,false,DERIVED,01_NCRB_India_2023,aggregate-pattern-00022,MEDIUM,
CTX-00023,2024,Madhya Pradesh,Indore,economic,22294,aggregate_count,false,DERIVED,01_NCRB_India_2023,aggregate-pattern-00023,MEDIUM,
CTX-00024,2022,Gujarat,Ahmedabad,property,15726,aggregate_count,false,DERIVED,01_NCRB_India_2023,aggregate-pattern-00024,MEDIUM,
CTX-00025,2022,Maharashtra,Pune,fraud,10640,aggregate_count,false,DERIVED,01_NCRB_India_2023,aggregate-pattern-00025,MEDIUM,
CTX-00026,2023,Karnataka,Bengaluru,cyber-related,23063,aggregate_count,false,DERIVED,01_NCRB_India_2023,aggregate-pattern-00026,MEDIUM,
CTX-00027,2024,Madhya Pradesh,Indore,property,12207,aggregate_count,false,DERIVED,01_NCRB_India_2023,aggregate-pattern-00027,MEDIUM,
CTX-00028,2024,Delhi,Delhi,theft,20224,aggregate_count,false,DERIVED,01_NCRB_India_2023,aggregate-pattern-00028,MEDIUM,
CTX-00029,2022,Maharashtra,Nashik,cyber-related,21834,aggregate_count,false,DERIVED,01_NCRB_India_2023,aggregate-pattern-00029,MEDIUM,
CTX-00030,2024,Maharashtra,Pune,violent,7890,aggregate_count,false,DERIVED,01_NCRB_India_2023,aggregate-pattern-00030,MEDIUM,
CTX-00031,2024,Maharashtra,Nashik,violent,6784,aggregate_count,false,DERIVED,01_NCRB_India_2023,aggregate-pattern-00031,MEDIUM,
CTX-00032,2022,Karnataka,Bengaluru,theft,18792,aggregate_count,false,DERIVED,01_NCRB_India_2023,aggregate-pattern-00032,MEDIUM,
CTX-00033,2022,Maharashtra,Nagpur,economic,17605,aggregate_count,false,DERIVED,01_NCRB_India_2023,aggregate-pattern-00033,MEDIUM,
CTX-00034,2023,Maharashtra,Pune,fraud,3511,aggregate_count,false,DERIVED,01_NCRB_India_2023,aggregate-pattern-00034,MEDIUM,
CTX-00035,2022,Delhi,Delhi,cyber-related,16443,aggregate_count,false,DERIVED,01_NCRB_India_2023,aggregate-pattern-00035,MEDIUM,
CTX-00036,2024,Maharashtra,Mumbai,theft,1879,aggregate_count,false,DERIVED,01_NCRB_India_2023,aggregate-pattern-00036,MEDIUM,
CTX-00037,2024,Telangana,Hyderabad,violent,14315,aggregate_count,false,DERIVED,01_NCRB_India_2023,aggregate-pattern-00037,MEDIUM,
CTX-00038,2023,Telangana,Hyderabad,economic,1899,aggregate_count,false,DERIVED,01_NCRB_India_2023,aggregate-pattern-00038,MEDIUM,
CTX-00039,2023,Maharashtra,Nashik,cyber-related,24147,aggregate_count,false,DERIVED,01_NCRB_India_2023,aggregate-pattern-00039,MEDIUM,
CTX-00040,2024,Maharashtra,Nashik,property,3220,aggregate_count,false,DERIVED,01_NCRB_India_2023,aggregate-pattern-00040,MEDIUM,
CTX-00041,2022,Delhi,Delhi,violent,1966,aggregate_count,false,DERIVED,01_NCRB_India_2023,aggregate-pattern-00041,MEDIUM,
CTX-00042,2023,Maharashtra,Pune,other,2441,aggregate_count,false,DERIVED,01_NCRB_India_2023,aggregate-pattern-00042,MEDIUM,
CTX-00043,2022,Delhi,Delhi,other,2981,aggregate_count,false,DERIVED,01_NCRB_India_2023,aggregate-pattern-00043,MEDIUM,
CTX-00044,2023,West Bengal,Kolkata,other,15701,aggregate_count,false,DERIVED,01_NCRB_India_2023,aggregate-pattern-00044,MEDIUM,
CTX-00045,2022,Madhya Pradesh,Indore,violent,24980,aggregate_count,false,DERIVED,01_NCRB_India_2023,aggregate-pattern-00045,MEDIUM,
CTX-00046,2024,Maharashtra,Pune,theft,21330,aggregate_count,false,DERIVED,01_NCRB_India_2023,aggregate-pattern-00046,MEDIUM,
CTX-00047,2022,West Bengal,Kolkata,fraud,1704,aggregate_count,false,DERIVED,01_NCRB_India_2023,aggregate-pattern-00047,MEDIUM,
CTX-00048,2023,Maharashtra,Pune,economic,21001,aggregate_count,false,DERIVED,01_NCRB_India_2023,aggregate-pattern-00048,MEDIUM,
CTX-00049,2024,Maharashtra,Pune,cyber-related,38,aggregate_count,false,DERIVED,01_NCRB_India_2023,aggregate-pattern-00049,MEDIUM,
CTX-00050,2023,Karnataka,Bengaluru,theft,12455,aggregate_count,false,DERIVED,01_NCRB_India_2023,aggregate-pattern-00050,MEDIUM,
CTX-00051,2022,Maharashtra,Mumbai,other,24396,aggregate_count,false,DERIVED,01_NCRB_India_2023,aggregate-pattern-00051,MEDIUM,
CTX-00052,2024,Gujarat,Ahmedabad,fraud,1135,aggregate_count,false,DERIVED,01_NCRB_India_2023,aggregate-pattern-00052,MEDIUM,
CTX-00053,2024,Madhya Pradesh,Indore,economic,22870,aggregate_count,false,DERIVED,01_NCRB_India_2023,aggregate-pattern-00053,MEDIUM,
CTX-00054,2024,Delhi,Delhi,cyber-related,13597,aggregate_count,false,DERIVED,01_NCRB_India_2023,aggregate-pattern-00054,MEDIUM,
CTX-00055,2023,Telangana,Hyderabad,theft,6592,aggregate_count,false,DERIVED,01_NCRB_India_2023,aggregate-pattern-00055,MEDIUM,
CTX-00056,2022,Maharashtra,Nagpur,fraud,19487,aggregate_count,false,DERIVED,01_NCRB_India_2023,aggregate-pattern-00056,MEDIUM,
CTX-00057,2022,West Bengal,Kolkata,property,18737,aggregate_count,false,DERIVED,01_NCRB_India_2023,aggregate-pattern-00057,MEDIUM,
CTX-00058,2023,Telangana,Hyderabad,property,20548,aggregate_count,false,DERIVED,01_NCRB_India_2023,aggregate-pattern-00058,MEDIUM,
CTX-00059,2023,Madhya Pradesh,Indore,cyber-related,14837,aggregate_count,false,DERIVED,01_NCRB_India_2023,aggregate-pattern-00059,MEDIUM,
CTX-00060,2022,Gujarat,Ahmedabad,violent,9849,aggregate_count,false,DERIVED,01_NCRB_India_2023,aggregate-pattern-00060,MEDIUM,
CTX-00061,2023,Maharashtra,Nashik,cyber-related,14873,aggregate_count,false,DERIVED,01_NCRB_India_2023,aggregate-pattern-00061,MEDIUM,
CTX-00062,2024,Gujarat,Ahmedabad,economic,6489,aggregate_count,false,DERIVED,01_NCRB_India_2023,aggregate-pattern-00062,MEDIUM,
CTX-00063,2023,Maharashtra,Mumbai,theft,2979,aggregate_count,false,DERIVED,01_NCRB_India_2023,aggregate-pattern-00063,MEDIUM,
CTX-00064,2023,Maharashtra,Nashik,fraud,21592,aggregate_count,false,DERIVED,01_NCRB_India_2023,aggregate-pattern-00064,MEDIUM,
CTX-00065,2023,West Bengal,Kolkata,cyber-related,16383,aggregate_count,false,DERIVED,01_NCRB_India_2023,aggregate-pattern-00065,MEDIUM,
CTX-00066,2023,West Bengal,Kolkata,cyber-related,11500,aggregate_count,false,DERIVED,01_NCRB_India_2023,aggregate-pattern-00066,MEDIUM,
CTX-00067,2022,Gujarat,Ahmedabad,violent,476,aggregate_count,false,DERIVED,01_NCRB_India_2023,aggregate-pattern-00067,MEDIUM,
CTX-00068,2022,Maharashtra,Nashik,other,10987,aggregate_count,false,DERIVED,01_NCRB_India_2023,aggregate-pattern-00068,MEDIUM,
CTX-00069,2023,Karnataka,Bengaluru,property,20837,aggregate_count,false,DERIVED,01_NCRB_India_2023,aggregate-pattern-00069,MEDIUM,
CTX-00070,2024,Maharashtra,Pune,cyber-related,12493,aggregate_count,false,DERIVED,01_NCRB_India_2023,aggregate-pattern-00070,MEDIUM,
CTX-00071,2022,Maharashtra,Nagpur,property,16606,aggregate_count,false,DERIVED,01_NCRB_India_2023,aggregate-pattern-00071,MEDIUM,
CTX-00072,2024,West Bengal,Kolkata,theft,7591,aggregate_count,false,DERIVED,01_NCRB_India_2023,aggregate-pattern-00072,MEDIUM,
CTX-00073,2024,Telangana,Hyderabad,violent,15821,aggregate_count,false,DERIVED,01_NCRB_India_2023,aggregate-pattern-00073,MEDIUM,
CTX-00074,2022,Maharashtra,Mumbai,cyber-related,15999,aggregate_count,false,DERIVED,01_NCRB_India_2023,aggregate-pattern-00074,MEDIUM,
CTX-00075,2022,Maharashtra,Nashik,other,11826,aggregate_count,false,DERIVED,01_NCRB_India_2023,aggregate-pattern-00075,MEDIUM,
CTX-00076,2024,Maharashtra,Nashik,economic,17005,aggregate_count,false,DERIVED,01_NCRB_India_2023,aggregate-pattern-00076,MEDIUM,
CTX-00077,2022,West Bengal,Kolkata,property,17101,aggregate_count,false,DERIVED,01_NCRB_India_2023,aggregate-pattern-00077,MEDIUM,
CTX-00078,2024,Madhya Pradesh,Indore,cyber-related,24263,aggregate_count,false,DERIVED,01_NCRB_India_2023,aggregate-pattern-00078,MEDIUM,
CTX-00079,2024,Maharashtra,Pune,fraud,3727,aggregate_count,false,DERIVED,01_NCRB_India_2023,aggregate-pattern-00079,MEDIUM,
CTX-00080,2023,Maharashtra,Pune,property,17475,aggregate_count,false,DERIVED,01_NCRB_India_2023,aggregate-pattern-00080,MEDIUM,
CTX-00081,2022,Delhi,Delhi,property,12950,aggregate_count,false,DERIVED,01_NCRB_India_2023,aggregate-pattern-00081,MEDIUM,
CTX-00082,2024,Gujarat,Ahmedabad,theft,19853,aggregate_count,false,DERIVED,01_NCRB_India_2023,aggregate-pattern-00082,MEDIUM,
CTX-00083,2023,Karnataka,Bengaluru,violent,10178,aggregate_count,false,DERIVED,01_NCRB_India_2023,aggregate-pattern-00083,MEDIUM,
CTX-00084,2024,Maharashtra,Mumbai,economic,10352,aggregate_count,false,DERIVED,01_NCRB_India_2023,aggregate-pattern-00084,MEDIUM,
CTX-00085,2024,Maharashtra,Nagpur,other,3530,aggregate_count,false,DERIVED,01_NCRB_India_2023,aggregate-pattern-00085,MEDIUM,
CTX-00086,2023,Maharashtra,Pune,fraud,12103,aggregate_count,false,DERIVED,01_NCRB_India_2023,aggregate-pattern-00086,MEDIUM,
CTX-00087,2024,West Bengal,Kolkata,theft,13486,aggregate_count,false,DERIVED,01_NCRB_India_2023,aggregate-pattern-00087,MEDIUM,
CTX-00088,2024,Maharashtra,Nagpur,cyber-related,15055,aggregate_count,false,DERIVED,01_NCRB_India_2023,aggregate-pattern-00088,MEDIUM,
CTX-00089,2024,Gujarat,Ahmedabad,cyber-related,6843,aggregate_count,false,DERIVED,01_NCRB_India_2023,aggregate-pattern-00089,MEDIUM,
CTX-00090,2024,Gujarat,Ahmedabad,other,20199,aggregate_count,false,DERIVED,01_NCRB_India_2023,aggregate-pattern-00090,MEDIUM,
CTX-00091,2024,Maharashtra,Nashik,property,1896,aggregate_count,false,DERIVED,01_NCRB_India_2023,aggregate-pattern-00091,MEDIUM,
CTX-00092,2024,Telangana,Hyderabad,violent,11080,aggregate_count,false,DERIVED,01_NCRB_India_2023,aggregate-pattern-00092,MEDIUM,
CTX-00093,2023,Maharashtra,Nagpur,fraud,23416,aggregate_count,false,DERIVED,01_NCRB_India_2023,aggregate-pattern-00093,MEDIUM,
CTX-00094,2024,Madhya Pradesh,Indore,violent,23800,aggregate_count,false,DERIVED,01_NCRB_India_2023,aggregate-pattern-00094,MEDIUM,
CTX-00095,2022,Telangana,Hyderabad,violent,4265,aggregate_count,false,DERIVED,01_NCRB_India_2023,aggregate-pattern-00095,MEDIUM,
CTX-00096,2022,Madhya Pradesh,Indore,economic,13224,aggregate_count,false,DERIVED,01_NCRB_India_2023,aggregate-pattern-00096,MEDIUM,
CTX-00097,2022,Maharashtra,Pune,violent,2153,aggregate_count,false,DERIVED,01_NCRB_India_2023,aggregate-pattern-00097,MEDIUM,
CTX-00098,2024,Madhya Pradesh,Indore,violent,7983,aggregate_count,false,DERIVED,01_NCRB_India_2023,aggregate-pattern-00098,MEDIUM,
CTX-00099,2022,Maharashtra,Nagpur,violent,11351,aggregate_count,false,DERIVED,01_NCRB_India_2023,aggregate-pattern-00099,MEDIUM,
CTX-00100,2022,Madhya Pradesh,Indore,property,22347,aggregate_count,false,DERIVED,01_NCRB_India_2023,aggregate-pattern-00100,MEDIUM,
CTX-00101,2022,West Bengal,Kolkata,property,15449,aggregate_count,false,DERIVED,01_NCRB_India_2023,aggregate-pattern-00101,MEDIUM,
CTX-00102,2024,Karnataka,Bengaluru,theft,3469,aggregate_count,false,DERIVED,01_NCRB_India_2023,aggregate-pattern-00102,MEDIUM,
CTX-00103,2024,Delhi,Delhi,property,12135,aggregate_count,false,DERIVED,01_NCRB_India_2023,aggregate-pattern-00103,MEDIUM,
CTX-00104,2024,Maharashtra,Pune,other,12472,aggregate_count,false,DERIVED,01_NCRB_India_2023,aggregate-pattern-00104,MEDIUM,
CTX-00105,2022,Madhya Pradesh,Indore,cyber-related,14828,aggregate_count,false,DERIVED,01_NCRB_India_2023,aggregate-pattern-00105,MEDIUM,
CTX-00106,2023,Maharashtra,Mumbai,cyber-related,1281,aggregate_count,false,DERIVED,01_NCRB_India_2023,aggregate-pattern-00106,MEDIUM,
CTX-00107,2022,Maharashtra,Mumbai,other,3706,aggregate_count,false,DERIVED,01_NCRB_India_2023,aggregate-pattern-00107,MEDIUM,
CTX-00108,2023,Maharashtra,Nagpur,property,13605,aggregate_count,false,DERIVED,01_NCRB_India_2023,aggregate-pattern-00108,MEDIUM,
CTX-00109,2022,Delhi,Delhi,property,3750,aggregate_count,false,DERIVED,01_NCRB_India_2023,aggregate-pattern-00109,MEDIUM,
CTX-00110,2022,West Bengal,Kolkata,fraud,22276,aggregate_count,false,DERIVED,01_NCRB_India_2023,aggregate-pattern-00110,MEDIUM,
CTX-00111,2022,Telangana,Hyderabad,cyber-related,5429,aggregate_count,false,DERIVED,01_NCRB_India_2023,aggregate-pattern-00111,MEDIUM,
CTX-00112,2023,Gujarat,Ahmedabad,fraud,892,aggregate_count,false,DERIVED,01_NCRB_India_2023,aggregate-pattern-00112,MEDIUM,
CTX-00113,2022,West Bengal,Kolkata,economic,5778,aggregate_count,false,DERIVED,01_NCRB_India_2023,aggregate-pattern-00113,MEDIUM,
CTX-00114,2023,Madhya Pradesh,Indore,property,15588,aggregate_count,false,DERIVED,01_NCRB_India_2023,aggregate-pattern-00114,MEDIUM,
CTX-00115,2024,Delhi,Delhi,violent,18813,aggregate_count,false,DERIVED,01_NCRB_India_2023,aggregate-pattern-00115,MEDIUM,
CTX-00116,2022,Gujarat,Ahmedabad,fraud,15748,aggregate_count,false,DERIVED,01_NCRB_India_2023,aggregate-pattern-00116,MEDIUM,
CTX-00117,2022,Maharashtra,Nashik,other,18341,aggregate_count,false,DERIVED,01_NCRB_India_2023,aggregate-pattern-00117,MEDIUM,
CTX-00118,2023,Delhi,Delhi,violent,12380,aggregate_count,false,DERIVED,01_NCRB_India_2023,aggregate-pattern-00118,MEDIUM,
CTX-00119,2023,Maharashtra,Mumbai,violent,17908,aggregate_count,false,DERIVED,01_NCRB_India_2023,aggregate-pattern-00119,MEDIUM,
CTX-00120,2024,Telangana,Hyderabad,violent,10563,aggregate_count,false,DERIVED,01_NCRB_India_2023,aggregate-pattern-00120,MEDIUM,
CTX-00121,2023,Maharashtra,Nashik,property,22184,aggregate_count,false,DERIVED,01_NCRB_India_2023,aggregate-pattern-00121,MEDIUM,
CTX-00122,2022,Madhya Pradesh,Indore,property,20996,aggregate_count,false,DERIVED,01_NCRB_India_2023,aggregate-pattern-00122,MEDIUM,
CTX-00123,2022,Telangana,Hyderabad,violent,14670,aggregate_count,false,DERIVED,01_NCRB_India_2023,aggregate-pattern-00123,MEDIUM,
CTX-00124,2022,Delhi,Delhi,theft,17548,aggregate_count,false,DERIVED,01_NCRB_India_2023,aggregate-pattern-00124,MEDIUM,
CTX-00125,2022,Delhi,Delhi,property,16250,aggregate_count,false,DERIVED,01_NCRB_India_2023,aggregate-pattern-00125,MEDIUM,
CTX-00126,2024,Telangana,Hyderabad,other,9633,aggregate_count,false,DERIVED,01_NCRB_India_2023,aggregate-pattern-00126,MEDIUM,
CTX-00127,2023,Delhi,Delhi,economic,18824,aggregate_count,false,DERIVED,01_NCRB_India_2023,aggregate-pattern-00127,MEDIUM,
CTX-00128,2023,Telangana,Hyderabad,property,23415,aggregate_count,false,DERIVED,01_NCRB_India_2023,aggregate-pattern-00128,MEDIUM,
CTX-00129,2023,Maharashtra,Nagpur,violent,7570,aggregate_count,false,DERIVED,01_NCRB_India_2023,aggregate-pattern-00129,MEDIUM,
CTX-00130,2023,Delhi,Delhi,theft,3691,aggregate_count,false,DERIVED,01_NCRB_India_2023,aggregate-pattern-00130,MEDIUM,
CTX-00131,2022,Delhi,Delhi,cyber-related,16380,aggregate_count,false,DERIVED,01_NCRB_India_2023,aggregate-pattern-00131,MEDIUM,
CTX-00132,2022,Delhi,Delhi,cyber-related,18822,aggregate_count,false,DERIVED,01_NCRB_India_2023,aggregate-pattern-00132,MEDIUM,
CTX-00133,2024,Gujarat,Ahmedabad,fraud,9639,aggregate_count,false,DERIVED,01_NCRB_India_2023,aggregate-pattern-00133,MEDIUM,
CTX-00134,2023,Karnataka,Bengaluru,cyber-related,21923,aggregate_count,false,DERIVED,01_NCRB_India_2023,aggregate-pattern-00134,MEDIUM,
CTX-00135,2023,Maharashtra,Mumbai,fraud,24705,aggregate_count,false,DERIVED,01_NCRB_India_2023,aggregate-pattern-00135,MEDIUM,
CTX-00136,2024,West Bengal,Kolkata,economic,3500,aggregate_count,false,DERIVED,01_NCRB_India_2023,aggregate-pattern-00136,MEDIUM,
CTX-00137,2024,Maharashtra,Nagpur,economic,22039,aggregate_count,false,DERIVED,01_NCRB_India_2023,aggregate-pattern-00137,MEDIUM,
CTX-00138,2022,Maharashtra,Nashik,property,12375,aggregate_count,false,DERIVED,01_NCRB_India_2023,aggregate-pattern-00138,MEDIUM,
CTX-00139,2022,Gujarat,Ahmedabad,violent,10862,aggregate_count,false,DERIVED,01_NCRB_India_2023,aggregate-pattern-00139,MEDIUM,
CTX-00140,2022,Maharashtra,Nagpur,other,16973,aggregate_count,false,DERIVED,01_NCRB_India_2023,aggregate-pattern-00140,MEDIUM,
CTX-00141,2023,Maharashtra,Nagpur,property,8273,aggregate_count,false,DERIVED,01_NCRB_India_2023,aggregate-pattern-00141,MEDIUM,
CTX-00142,2023,Madhya Pradesh,Indore,economic,5585,aggregate_count,false,DERIVED,01_NCRB_India_2023,aggregate-pattern-00142,MEDIUM,
CTX-00143,2024,Maharashtra,Mumbai,other,16075,aggregate_count,false,DERIVED,01_NCRB_India_2023,aggregate-pattern-00143,MEDIUM,
CTX-00144,2023,Maharashtra,Nashik,other,11821,aggregate_count,false,DERIVED,01_NCRB_India_2023,aggregate-pattern-00144,MEDIUM,
CTX-00145,2024,Maharashtra,Mumbai,property,1327,aggregate_count,false,DERIVED,01_NCRB_India_2023,aggregate-pattern-00145,MEDIUM,
CTX-00146,2024,Karnataka,Bengaluru,property,20448,aggregate_count,false,DERIVED,01_NCRB_India_2023,aggregate-pattern-00146,MEDIUM,
CTX-00147,2022,West Bengal,Kolkata,fraud,20847,aggregate_count,false,DERIVED,01_NCRB_India_2023,aggregate-pattern-00147,MEDIUM,
CTX-00148,2024,Delhi,Delhi,property,2649,aggregate_count,false,DERIVED,01_NCRB_India_2023,aggregate-pattern-00148,MEDIUM,
CTX-00149,2023,West Bengal,Kolkata,economic,6702,aggregate_count,false,DERIVED,01_NCRB_India_2023,aggregate-pattern-00149,MEDIUM,
CTX-00150,2023,West Bengal,Kolkata,economic,10840,aggregate_count,false,DERIVED,01_NCRB_India_2023,aggregate-pattern-00150,MEDIUM,
CTX-00151,2023,Telangana,Hyderabad,fraud,12903,aggregate_count,false,DERIVED,01_NCRB_India_2023,aggregate-pattern-00151,MEDIUM,
CTX-00152,2023,Maharashtra,Pune,economic,10929,aggregate_count,false,DERIVED,01_NCRB_India_2023,aggregate-pattern-00152,MEDIUM,
CTX-00153,2024,Delhi,Delhi,economic,13354,aggregate_count,false,DERIVED,01_NCRB_India_2023,aggregate-pattern-00153,MEDIUM,
CTX-00154,2024,West Bengal,Kolkata,property,3660,aggregate_count,false,DERIVED,01_NCRB_India_2023,aggregate-pattern-00154,MEDIUM,
CTX-00155,2023,Karnataka,Bengaluru,theft,7439,aggregate_count,false,DERIVED,01_NCRB_India_2023,aggregate-pattern-00155,MEDIUM,
CTX-00156,2024,Telangana,Hyderabad,cyber-related,17698,aggregate_count,false,DERIVED,01_NCRB_India_2023,aggregate-pattern-00156,MEDIUM,
CTX-00157,2023,Maharashtra,Mumbai,economic,1104,aggregate_count,false,DERIVED,01_NCRB_India_2023,aggregate-pattern-00157,MEDIUM,
CTX-00158,2023,Maharashtra,Mumbai,fraud,2134,aggregate_count,false,DERIVED,01_NCRB_India_2023,aggregate-pattern-00158,MEDIUM,
CTX-00159,2024,Karnataka,Bengaluru,fraud,6800,aggregate_count,false,DERIVED,01_NCRB_India_2023,aggregate-pattern-00159,MEDIUM,
CTX-00160,2023,Telangana,Hyderabad,theft,11298,aggregate_count,false,DERIVED,01_NCRB_India_2023,aggregate-pattern-00160,MEDIUM,
CTX-00161,2024,West Bengal,Kolkata,property,7452,aggregate_count,false,DERIVED,01_NCRB_India_2023,aggregate-pattern-00161,MEDIUM,
CTX-00162,2023,Gujarat,Ahmedabad,economic,23449,aggregate_count,false,DERIVED,01_NCRB_India_2023,aggregate-pattern-00162,MEDIUM,
CTX-00163,2023,West Bengal,Kolkata,property,7582,aggregate_count,false,DERIVED,01_NCRB_India_2023,aggregate-pattern-00163,MEDIUM,
CTX-00164,2022,Telangana,Hyderabad,economic,19162,aggregate_count,false,DERIVED,01_NCRB_India_2023,aggregate-pattern-00164,MEDIUM,
CTX-00165,2023,Gujarat,Ahmedabad,other,14366,aggregate_count,false,DERIVED,01_NCRB_India_2023,aggregate-pattern-00165,MEDIUM,
CTX-00166,2024,Maharashtra,Mumbai,cyber-related,16061,aggregate_count,false,DERIVED,01_NCRB_India_2023,aggregate-pattern-00166,MEDIUM,
CTX-00167,2022,Gujarat,Ahmedabad,violent,8184,aggregate_count,false,DERIVED,01_NCRB_India_2023,aggregate-pattern-00167,MEDIUM,
CTX-00168,2022,West Bengal,Kolkata,violent,19562,aggregate_count,false,DERIVED,01_NCRB_India_2023,aggregate-pattern-00168,MEDIUM,
CTX-00169,2023,Delhi,Delhi,violent,6355,aggregate_count,false,DERIVED,01_NCRB_India_2023,aggregate-pattern-00169,MEDIUM,
CTX-00170,2023,Maharashtra,Pune,other,7876,aggregate_count,false,DERIVED,01_NCRB_India_2023,aggregate-pattern-00170,MEDIUM,
CTX-00171,2024,Madhya Pradesh,Indore,other,19156,aggregate_count,false,DERIVED,01_NCRB_India_2023,aggregate-pattern-00171,MEDIUM,
CTX-00172,2024,Madhya Pradesh,Indore,violent,6501,aggregate_count,false,DERIVED,01_NCRB_India_2023,aggregate-pattern-00172,MEDIUM,
CTX-00173,2023,Delhi,Delhi,other,12044,aggregate_count,false,DERIVED,01_NCRB_India_2023,aggregate-pattern-00173,MEDIUM,
CTX-00174,2022,West Bengal,Kolkata,violent,24463,aggregate_count,false,DERIVED,01_NCRB_India_2023,aggregate-pattern-00174,MEDIUM,
CTX-00175,2022,Telangana,Hyderabad,cyber-related,6696,aggregate_count,false,DERIVED,01_NCRB_India_2023,aggregate-pattern-00175,MEDIUM,
CTX-00176,2022,Maharashtra,Nashik,property,6550,aggregate_count,false,DERIVED,01_NCRB_India_2023,aggregate-pattern-00176,MEDIUM,
CTX-00177,2022,Karnataka,Bengaluru,theft,6098,aggregate_count,false,DERIVED,01_NCRB_India_2023,aggregate-pattern-00177,MEDIUM,
CTX-00178,2022,Madhya Pradesh,Indore,economic,23097,aggregate_count,false,DERIVED,01_NCRB_India_2023,aggregate-pattern-00178,MEDIUM,
CTX-00179,2024,Gujarat,Ahmedabad,economic,4116,aggregate_count,false,DERIVED,01_NCRB_India_2023,aggregate-pattern-00179,MEDIUM,
CTX-00180,2022,Telangana,Hyderabad,violent,8642,aggregate_count,false,DERIVED,01_NCRB_India_2023,aggregate-pattern-00180,MEDIUM,
CTX-00181,2023,West Bengal,Kolkata,violent,23084,aggregate_count,false,DERIVED,01_NCRB_India_2023,aggregate-pattern-00181,MEDIUM,
CTX-00182,2024,Karnataka,Bengaluru,other,14575,aggregate_count,false,DERIVED,01_NCRB_India_2023,aggregate-pattern-00182,MEDIUM,
CTX-00183,2022,Madhya Pradesh,Indore,other,5737,aggregate_count,false,DERIVED,01_NCRB_India_2023,aggregate-pattern-00183,MEDIUM,
CTX-00184,2022,Madhya Pradesh,Indore,other,1186,aggregate_count,false,DERIVED,01_NCRB_India_2023,aggregate-pattern-00184,MEDIUM,
CTX-00185,2024,Maharashtra,Nagpur,fraud,9172,aggregate_count,false,DERIVED,01_NCRB_India_2023,aggregate-pattern-00185,MEDIUM,
CTX-00186,2022,Telangana,Hyderabad,violent,7430,aggregate_count,false,DERIVED,01_NCRB_India_2023,aggregate-pattern-00186,MEDIUM,
CTX-00187,2024,Gujarat,Ahmedabad,theft,7125,aggregate_count,false,DERIVED,01_NCRB_India_2023,aggregate-pattern-00187,MEDIUM,
CTX-00188,2024,Karnataka,Bengaluru,fraud,5390,aggregate_count,false,DERIVED,01_NCRB_India_2023,aggregate-pattern-00188,MEDIUM,
CTX-00189,2023,Maharashtra,Pune,violent,2160,aggregate_count,false,DERIVED,01_NCRB_India_2023,aggregate-pattern-00189,MEDIUM,
CTX-00190,2024,West Bengal,Kolkata,other,20661,aggregate_count,false,DERIVED,01_NCRB_India_2023,aggregate-pattern-00190,MEDIUM,
CTX-00191,2022,Maharashtra,Nagpur,violent,15601,aggregate_count,false,DERIVED,01_NCRB_India_2023,aggregate-pattern-00191,MEDIUM,
CTX-00192,2024,Delhi,Delhi,violent,4604,aggregate_count,false,DERIVED,01_NCRB_India_2023,aggregate-pattern-00192,MEDIUM,
CTX-00193,2022,Telangana,Hyderabad,other,22911,aggregate_count,false,DERIVED,01_NCRB_India_2023,aggregate-pattern-00193,MEDIUM,
CTX-00194,2024,Maharashtra,Pune,property,16334,aggregate_count,false,DERIVED,01_NCRB_India_2023,aggregate-pattern-00194,MEDIUM,
CTX-00195,2022,Gujarat,Ahmedabad,other,3308,aggregate_count,false,DERIVED,01_NCRB_India_2023,aggregate-pattern-00195,MEDIUM,
CTX-00196,2024,Maharashtra,Mumbai,economic,12474,aggregate_count,false,DERIVED,01_NCRB_India_2023,aggregate-pattern-00196,MEDIUM,
CTX-00197,2022,Madhya Pradesh,Indore,property,18991,aggregate_count,false,DERIVED,01_NCRB_India_2023,aggregate-pattern-00197,MEDIUM,
CTX-00198,2022,Delhi,Delhi,cyber-related,7766,aggregate_count,false,DERIVED,01_NCRB_India_2023,aggregate-pattern-00198,MEDIUM,
CTX-00199,2024,Madhya Pradesh,Indore,fraud,2743,aggregate_count,false,DERIVED,01_NCRB_India_2023,aggregate-pattern-00199,MEDIUM,
CTX-00200,2024,Karnataka,Bengaluru,theft,18036,aggregate_count,false,DERIVED,01_NCRB_India_2023,aggregate-pattern-00200,MEDIUM,
CTX-00201,2024,Maharashtra,Mumbai,violent,15175,aggregate_count,false,DERIVED,01_NCRB_India_2023,aggregate-pattern-00201,MEDIUM,
CTX-00202,2023,Maharashtra,Pune,economic,14612,aggregate_count,false,DERIVED,01_NCRB_India_2023,aggregate-pattern-00202,MEDIUM,
CTX-00203,2024,Gujarat,Ahmedabad,violent,18137,aggregate_count,false,DERIVED,01_NCRB_India_2023,aggregate-pattern-00203,MEDIUM,
CTX-00204,2022,Gujarat,Ahmedabad,fraud,3867,aggregate_count,false,DERIVED,01_NCRB_India_2023,aggregate-pattern-00204,MEDIUM,
CTX-00205,2022,Gujarat,Ahmedabad,theft,1942,aggregate_count,false,DERIVED,01_NCRB_India_2023,aggregate-pattern-00205,MEDIUM,
CTX-00206,2022,Gujarat,Ahmedabad,violent,11636,aggregate_count,false,DERIVED,01_NCRB_India_2023,aggregate-pattern-00206,MEDIUM,
CTX-00207,2024,Telangana,Hyderabad,fraud,9357,aggregate_count,false,DERIVED,01_NCRB_India_2023,aggregate-pattern-00207,MEDIUM,
CTX-00208,2023,Madhya Pradesh,Indore,property,2648,aggregate_count,false,DERIVED,01_NCRB_India_2023,aggregate-pattern-00208,MEDIUM,
CTX-00209,2023,Maharashtra,Nashik,cyber-related,14868,aggregate_count,false,DERIVED,01_NCRB_India_2023,aggregate-pattern-00209,MEDIUM,
CTX-00210,2024,West Bengal,Kolkata,fraud,2271,aggregate_count,false,DERIVED,01_NCRB_India_2023,aggregate-pattern-00210,MEDIUM,
CTX-00211,2023,Maharashtra,Pune,other,554,aggregate_count,false,DERIVED,01_NCRB_India_2023,aggregate-pattern-00211,MEDIUM,
CTX-00212,2023,Telangana,Hyderabad,theft,95,aggregate_count,false,DERIVED,01_NCRB_India_2023,aggregate-pattern-00212,MEDIUM,
CTX-00213,2022,Karnataka,Bengaluru,fraud,24428,aggregate_count,false,DERIVED,01_NCRB_India_2023,aggregate-pattern-00213,MEDIUM,
CTX-00214,2023,Madhya Pradesh,Indore,violent,23966,aggregate_count,false,DERIVED,01_NCRB_India_2023,aggregate-pattern-00214,MEDIUM,
CTX-00215,2024,Madhya Pradesh,Indore,property,1110,aggregate_count,false,DERIVED,01_NCRB_India_2023,aggregate-pattern-00215,MEDIUM,
CTX-00216,2023,Maharashtra,Nagpur,fraud,17768,aggregate_count,false,DERIVED,01_NCRB_India_2023,aggregate-pattern-00216,MEDIUM,
CTX-00217,2023,West Bengal,Kolkata,other,18289,aggregate_count,false,DERIVED,01_NCRB_India_2023,aggregate-pattern-00217,MEDIUM,
CTX-00218,2022,West Bengal,Kolkata,cyber-related,22675,aggregate_count,false,DERIVED,01_NCRB_India_2023,aggregate-pattern-00218,MEDIUM,
CTX-00219,2024,Madhya Pradesh,Indore,property,10220,aggregate_count,false,DERIVED,01_NCRB_India_2023,aggregate-pattern-00219,MEDIUM,
CTX-00220,2023,Gujarat,Ahmedabad,fraud,3642,aggregate_count,false,DERIVED,01_NCRB_India_2023,aggregate-pattern-00220,MEDIUM,
CTX-00221,2023,West Bengal,Kolkata,cyber-related,20629,aggregate_count,false,DERIVED,01_NCRB_India_2023,aggregate-pattern-00221,MEDIUM,
CTX-00222,2022,Maharashtra,Nashik,violent,3340,aggregate_count,false,DERIVED,01_NCRB_India_2023,aggregate-pattern-00222,MEDIUM,
CTX-00223,2022,Maharashtra,Mumbai,cyber-related,7315,aggregate_count,false,DERIVED,01_NCRB_India_2023,aggregate-pattern-00223,MEDIUM,
CTX-00224,2024,Maharashtra,Pune,violent,23113,aggregate_count,false,DERIVED,01_NCRB_India_2023,aggregate-pattern-00224,MEDIUM,
CTX-00225,2023,Gujarat,Ahmedabad,property,11224,aggregate_count,false,DERIVED,01_NCRB_India_2023,aggregate-pattern-00225,MEDIUM,
CTX-00226,2024,Madhya Pradesh,Indore,theft,1357,aggregate_count,false,DERIVED,01_NCRB_India_2023,aggregate-pattern-00226,MEDIUM,
CTX-00227,2023,West Bengal,Kolkata,property,16976,aggregate_count,false,DERIVED,01_NCRB_India_2023,aggregate-pattern-00227,MEDIUM,
CTX-00228,2022,Karnataka,Bengaluru,cyber-related,10942,aggregate_count,false,DERIVED,01_NCRB_India_2023,aggregate-pattern-00228,MEDIUM,
CTX-00229,2022,Maharashtra,Nagpur,cyber-related,11413,aggregate_count,false,DERIVED,01_NCRB_India_2023,aggregate-pattern-00229,MEDIUM,
CTX-00230,2022,Delhi,Delhi,economic,24681,aggregate_count,false,DERIVED,01_NCRB_India_2023,aggregate-pattern-00230,MEDIUM,
CTX-00231,2023,Maharashtra,Pune,economic,14972,aggregate_count,false,DERIVED,01_NCRB_India_2023,aggregate-pattern-00231,MEDIUM,
CTX-00232,2023,Delhi,Delhi,other,1794,aggregate_count,false,DERIVED,01_NCRB_India_2023,aggregate-pattern-00232,MEDIUM,
CTX-00233,2023,Maharashtra,Mumbai,fraud,17046,aggregate_count,false,DERIVED,01_NCRB_India_2023,aggregate-pattern-00233,MEDIUM,
CTX-00234,2024,Karnataka,Bengaluru,theft,514,aggregate_count,false,DERIVED,01_NCRB_India_2023,aggregate-pattern-00234,MEDIUM,
CTX-00235,2023,Maharashtra,Mumbai,theft,21319,aggregate_count,false,DERIVED,01_NCRB_India_2023,aggregate-pattern-00235,MEDIUM,
CTX-00236,2024,Maharashtra,Nagpur,violent,24720,aggregate_count,false,DERIVED,01_NCRB_India_2023,aggregate-pattern-00236,MEDIUM,
CTX-00237,2024,Delhi,Delhi,economic,12519,aggregate_count,false,DERIVED,01_NCRB_India_2023,aggregate-pattern-00237,MEDIUM,
CTX-00238,2022,Maharashtra,Nashik,violent,23164,aggregate_count,false,DERIVED,01_NCRB_India_2023,aggregate-pattern-00238,MEDIUM,
CTX-00239,2023,Gujarat,Ahmedabad,theft,19613,aggregate_count,false,DERIVED,01_NCRB_India_2023,aggregate-pattern-00239,MEDIUM,
CTX-00240,2022,Gujarat,Ahmedabad,other,5622,aggregate_count,false,DERIVED,01_NCRB_India_2023,aggregate-pattern-00240,MEDIUM,
CTX-00241,2022,West Bengal,Kolkata,fraud,10924,aggregate_count,false,DERIVED,01_NCRB_India_2023,aggregate-pattern-00241,MEDIUM,
CTX-00242,2022,Madhya Pradesh,Indore,other,21160,aggregate_count,false,DERIVED,01_NCRB_India_2023,aggregate-pattern-00242,MEDIUM,
CTX-00243,2023,Gujarat,Ahmedabad,cyber-related,6441,aggregate_count,false,DERIVED,01_NCRB_India_2023,aggregate-pattern-00243,MEDIUM,
CTX-00244,2023,Karnataka,Bengaluru,economic,20275,aggregate_count,false,DERIVED,01_NCRB_India_2023,aggregate-pattern-00244,MEDIUM,
CTX-00245,2024,Karnataka,Bengaluru,cyber-related,21927,aggregate_count,false,DERIVED,01_NCRB_India_2023,aggregate-pattern-00245,MEDIUM,
CTX-00246,2022,West Bengal,Kolkata,theft,13820,aggregate_count,false,DERIVED,01_NCRB_India_2023,aggregate-pattern-00246,MEDIUM,
CTX-00247,2022,Maharashtra,Mumbai,cyber-related,24999,aggregate_count,false,DERIVED,01_NCRB_India_2023,aggregate-pattern-00247,MEDIUM,
CTX-00248,2022,Karnataka,Bengaluru,violent,5774,aggregate_count,false,DERIVED,01_NCRB_India_2023,aggregate-pattern-00248,MEDIUM,
CTX-00249,2023,Maharashtra,Nagpur,cyber-related,5292,aggregate_count,false,DERIVED,01_NCRB_India_2023,aggregate-pattern-00249,MEDIUM,
CTX-00250,2024,Maharashtra,Nashik,other,6437,aggregate_count,false,DERIVED,01_NCRB_India_2023,aggregate-pattern-00250,MEDIUM,
CTX-00251,2024,Maharashtra,Mumbai,economic,16197,aggregate_count,false,DERIVED,01_NCRB_India_2023,aggregate-pattern-00251,MEDIUM,
CTX-00252,2024,West Bengal,Kolkata,violent,11264,aggregate_count,false,DERIVED,01_NCRB_India_2023,aggregate-pattern-00252,MEDIUM,
CTX-00253,2023,Maharashtra,Nashik,fraud,16530,aggregate_count,false,DERIVED,01_NCRB_India_2023,aggregate-pattern-00253,MEDIUM,
CTX-00254,2022,Telangana,Hyderabad,other,12846,aggregate_count,false,DERIVED,01_NCRB_India_2023,aggregate-pattern-00254,MEDIUM,
CTX-00255,2022,Telangana,Hyderabad,other,20651,aggregate_count,false,DERIVED,01_NCRB_India_2023,aggregate-pattern-00255,MEDIUM,
CTX-00256,2023,Karnataka,Bengaluru,cyber-related,11430,aggregate_count,false,DERIVED,01_NCRB_India_2023,aggregate-pattern-00256,MEDIUM,
CTX-00257,2022,Maharashtra,Pune,violent,6515,aggregate_count,false,DERIVED,01_NCRB_India_2023,aggregate-pattern-00257,MEDIUM,
CTX-00258,2023,Delhi,Delhi,theft,9943,aggregate_count,false,DERIVED,01_NCRB_India_2023,aggregate-pattern-00258,MEDIUM,
CTX-00259,2023,Madhya Pradesh,Indore,fraud,3051,aggregate_count,false,DERIVED,01_NCRB_India_2023,aggregate-pattern-00259,MEDIUM,
CTX-00260,2024,Gujarat,Ahmedabad,economic,14634,aggregate_count,false,DERIVED,01_NCRB_India_2023,aggregate-pattern-00260,MEDIUM,
CTX-00261,2022,West Bengal,Kolkata,economic,17688,aggregate_count,false,DERIVED,01_NCRB_India_2023,aggregate-pattern-00261,MEDIUM,
CTX-00262,2023,Maharashtra,Mumbai,economic,8640,aggregate_count,false,DERIVED,01_NCRB_India_2023,aggregate-pattern-00262,MEDIUM,
CTX-00263,2024,Telangana,Hyderabad,cyber-related,10234,aggregate_count,false,DERIVED,01_NCRB_India_2023,aggregate-pattern-00263,MEDIUM,
CTX-00264,2022,Maharashtra,Nagpur,violent,10066,aggregate_count,false,DERIVED,01_NCRB_India_2023,aggregate-pattern-00264,MEDIUM,
CTX-00265,2024,West Bengal,Kolkata,violent,24567,aggregate_count,false,DERIVED,01_NCRB_India_2023,aggregate-pattern-00265,MEDIUM,
CTX-00266,2024,Karnataka,Bengaluru,other,18097,aggregate_count,false,DERIVED,01_NCRB_India_2023,aggregate-pattern-00266,MEDIUM,
CTX-00267,2023,Maharashtra,Nagpur,property,14844,aggregate_count,false,DERIVED,01_NCRB_India_2023,aggregate-pattern-00267,MEDIUM,
CTX-00268,2022,Maharashtra,Nagpur,cyber-related,16879,aggregate_count,false,DERIVED,01_NCRB_India_2023,aggregate-pattern-00268,MEDIUM,
CTX-00269,2022,Maharashtra,Mumbai,other,19755,aggregate_count,false,DERIVED,01_NCRB_India_2023,aggregate-pattern-00269,MEDIUM,
CTX-00270,2024,Maharashtra,Mumbai,violent,5831,aggregate_count,false,DERIVED,01_NCRB_India_2023,aggregate-pattern-00270,MEDIUM,
CTX-00271,2022,Madhya Pradesh,Indore,cyber-related,9453,aggregate_count,false,DERIVED,01_NCRB_India_2023,aggregate-pattern-00271,MEDIUM,
CTX-00272,2022,West Bengal,Kolkata,theft,13853,aggregate_count,false,DERIVED,01_NCRB_India_2023,aggregate-pattern-00272,MEDIUM,
CTX-00273,2022,Gujarat,Ahmedabad,economic,17375,aggregate_count,false,DERIVED,01_NCRB_India_2023,aggregate-pattern-00273,MEDIUM,
CTX-00274,2023,Gujarat,Ahmedabad,economic,10929,aggregate_count,false,DERIVED,01_NCRB_India_2023,aggregate-pattern-00274,MEDIUM,
CTX-00275,2023,West Bengal,Kolkata,property,3170,aggregate_count,false,DERIVED,01_NCRB_India_2023,aggregate-pattern-00275,MEDIUM,
CTX-00276,2023,West Bengal,Kolkata,fraud,22080,aggregate_count,false,DERIVED,01_NCRB_India_2023,aggregate-pattern-00276,MEDIUM,
CTX-00277,2022,Karnataka,Bengaluru,other,15894,aggregate_count,false,DERIVED,01_NCRB_India_2023,aggregate-pattern-00277,MEDIUM,
CTX-00278,2022,Karnataka,Bengaluru,cyber-related,14248,aggregate_count,false,DERIVED,01_NCRB_India_2023,aggregate-pattern-00278,MEDIUM,
CTX-00279,2023,Maharashtra,Pune,other,3395,aggregate_count,false,DERIVED,01_NCRB_India_2023,aggregate-pattern-00279,MEDIUM,
CTX-00280,2022,Karnataka,Bengaluru,cyber-related,23113,aggregate_count,false,DERIVED,01_NCRB_India_2023,aggregate-pattern-00280,MEDIUM,
CTX-00281,2023,Gujarat,Ahmedabad,property,19845,aggregate_count,false,DERIVED,01_NCRB_India_2023,aggregate-pattern-00281,MEDIUM,
CTX-00282,2023,Maharashtra,Pune,theft,8574,aggregate_count,false,DERIVED,01_NCRB_India_2023,aggregate-pattern-00282,MEDIUM,
CTX-00283,2022,Madhya Pradesh,Indore,theft,16516,aggregate_count,false,DERIVED,01_NCRB_India_2023,aggregate-pattern-00283,MEDIUM,
CTX-00284,2022,Maharashtra,Nashik,fraud,6592,aggregate_count,false,DERIVED,01_NCRB_India_2023,aggregate-pattern-00284,MEDIUM,
CTX-00285,2024,Maharashtra,Pune,economic,21160,aggregate_count,false,DERIVED,01_NCRB_India_2023,aggregate-pattern-00285,MEDIUM,
CTX-00286,2022,West Bengal,Kolkata,economic,13844,aggregate_count,false,DERIVED,01_NCRB_India_2023,aggregate-pattern-00286,MEDIUM,
CTX-00287,2022,Karnataka,Bengaluru,cyber-related,22451,aggregate_count,false,DERIVED,01_NCRB_India_2023,aggregate-pattern-00287,MEDIUM,
CTX-00288,2024,Telangana,Hyderabad,economic,19188,aggregate_count,false,DERIVED,01_NCRB_India_2023,aggregate-pattern-00288,MEDIUM,
CTX-00289,2022,Maharashtra,Nashik,theft,19523,aggregate_count,false,DERIVED,01_NCRB_India_2023,aggregate-pattern-00289,MEDIUM,
CTX-00290,2022,Maharashtra,Pune,economic,6475,aggregate_count,false,DERIVED,01_NCRB_India_2023,aggregate-pattern-00290,MEDIUM,
CTX-00291,2023,Delhi,Delhi,theft,9489,aggregate_count,false,DERIVED,01_NCRB_India_2023,aggregate-pattern-00291,MEDIUM,
CTX-00292,2022,Gujarat,Ahmedabad,cyber-related,24727,aggregate_count,false,DERIVED,01_NCRB_India_2023,aggregate-pattern-00292,MEDIUM,
CTX-00293,2023,West Bengal,Kolkata,property,21315,aggregate_count,false,DERIVED,01_NCRB_India_2023,aggregate-pattern-00293,MEDIUM,
CTX-00294,2022,Maharashtra,Mumbai,property,13440,aggregate_count,false,DERIVED,01_NCRB_India_2023,aggregate-pattern-00294,MEDIUM,
CTX-00295,2024,Gujarat,Ahmedabad,fraud,9887,aggregate_count,false,DERIVED,01_NCRB_India_2023,aggregate-pattern-00295,MEDIUM,
CTX-00296,2024,West Bengal,Kolkata,economic,17145,aggregate_count,false,DERIVED,01_NCRB_India_2023,aggregate-pattern-00296,MEDIUM,
CTX-00297,2022,Delhi,Delhi,fraud,12585,aggregate_count,false,DERIVED,01_NCRB_India_2023,aggregate-pattern-00297,MEDIUM,
CTX-00298,2022,Telangana,Hyderabad,violent,19728,aggregate_count,false,DERIVED,01_NCRB_India_2023,aggregate-pattern-00298,MEDIUM,
CTX-00299,2024,West Bengal,Kolkata,property,6611,aggregate_count,false,DERIVED,01_NCRB_India_2023,aggregate-pattern-00299,MEDIUM,
CTX-00300,2023,Maharashtra,Mumbai,violent,4812,aggregate_count,false,DERIVED,01_NCRB_India_2023,aggregate-pattern-00300,MEDIUM,
CTX-00301,2022,Gujarat,Ahmedabad,violent,21975,aggregate_count,false,DERIVED,01_NCRB_India_2023,aggregate-pattern-00301,MEDIUM,
CTX-00302,2023,Delhi,Delhi,property,21755,aggregate_count,false,DERIVED,01_NCRB_India_2023,aggregate-pattern-00302,MEDIUM,
CTX-00303,2024,Madhya Pradesh,Indore,property,22052,aggregate_count,false,DERIVED,01_NCRB_India_2023,aggregate-pattern-00303,MEDIUM,
CTX-00304,2023,Maharashtra,Pune,economic,24817,aggregate_count,false,DERIVED,01_NCRB_India_2023,aggregate-pattern-00304,MEDIUM,
CTX-00305,2023,Madhya Pradesh,Indore,economic,6868,aggregate_count,false,DERIVED,01_NCRB_India_2023,aggregate-pattern-00305,MEDIUM,
CTX-00306,2022,Madhya Pradesh,Indore,cyber-related,6591,aggregate_count,false,DERIVED,01_NCRB_India_2023,aggregate-pattern-00306,MEDIUM,
CTX-00307,2022,Karnataka,Bengaluru,theft,23294,aggregate_count,false,DERIVED,01_NCRB_India_2023,aggregate-pattern-00307,MEDIUM,
CTX-00308,2022,Madhya Pradesh,Indore,cyber-related,12284,aggregate_count,false,DERIVED,01_NCRB_India_2023,aggregate-pattern-00308,MEDIUM,
CTX-00309,2023,Telangana,Hyderabad,cyber-related,11270,aggregate_count,false,DERIVED,01_NCRB_India_2023,aggregate-pattern-00309,MEDIUM,
CTX-00310,2024,Maharashtra,Nashik,violent,24961,aggregate_count,false,DERIVED,01_NCRB_India_2023,aggregate-pattern-00310,MEDIUM,
CTX-00311,2022,Maharashtra,Nagpur,cyber-related,19220,aggregate_count,false,DERIVED,01_NCRB_India_2023,aggregate-pattern-00311,MEDIUM,
CTX-00312,2024,Karnataka,Bengaluru,other,4062,aggregate_count,false,DERIVED,01_NCRB_India_2023,aggregate-pattern-00312,MEDIUM,
CTX-00313,2023,Delhi,Delhi,cyber-related,12362,aggregate_count,false,DERIVED,01_NCRB_India_2023,aggregate-pattern-00313,MEDIUM,
CTX-00314,2023,Gujarat,Ahmedabad,economic,182,aggregate_count,false,DERIVED,01_NCRB_India_2023,aggregate-pattern-00314,MEDIUM,
CTX-00315,2024,West Bengal,Kolkata,theft,151,aggregate_count,false,DERIVED,01_NCRB_India_2023,aggregate-pattern-00315,MEDIUM,
CTX-00316,2023,Maharashtra,Nagpur,cyber-related,1307,aggregate_count,false,DERIVED,01_NCRB_India_2023,aggregate-pattern-00316,MEDIUM,
CTX-00317,2024,Maharashtra,Mumbai,fraud,17874,aggregate_count,false,DERIVED,01_NCRB_India_2023,aggregate-pattern-00317,MEDIUM,
CTX-00318,2024,Delhi,Delhi,cyber-related,2299,aggregate_count,false,DERIVED,01_NCRB_India_2023,aggregate-pattern-00318,MEDIUM,
CTX-00319,2022,Telangana,Hyderabad,other,23344,aggregate_count,false,DERIVED,01_NCRB_India_2023,aggregate-pattern-00319,MEDIUM,
CTX-00320,2024,Telangana,Hyderabad,property,14298,aggregate_count,false,DERIVED,01_NCRB_India_2023,aggregate-pattern-00320,MEDIUM,
CTX-00321,2024,Maharashtra,Nagpur,theft,16072,aggregate_count,false,DERIVED,01_NCRB_India_2023,aggregate-pattern-00321,MEDIUM,
CTX-00322,2024,Maharashtra,Pune,other,489,aggregate_count,false,DERIVED,01_NCRB_India_2023,aggregate-pattern-00322,MEDIUM,
CTX-00323,2024,Maharashtra,Nagpur,violent,18666,aggregate_count,false,DERIVED,01_NCRB_India_2023,aggregate-pattern-00323,MEDIUM,
CTX-00324,2024,Karnataka,Bengaluru,other,15074,aggregate_count,false,DERIVED,01_NCRB_India_2023,aggregate-pattern-00324,MEDIUM,
CTX-00325,2024,Maharashtra,Mumbai,property,14745,aggregate_count,false,DERIVED,01_NCRB_India_2023,aggregate-pattern-00325,MEDIUM,
CTX-00326,2023,Karnataka,Bengaluru,property,3885,aggregate_count,false,DERIVED,01_NCRB_India_2023,aggregate-pattern-00326,MEDIUM,
CTX-00327,2024,Karnataka,Bengaluru,theft,20655,aggregate_count,false,DERIVED,01_NCRB_India_2023,aggregate-pattern-00327,MEDIUM,
CTX-00328,2023,Madhya Pradesh,Indore,violent,16753,aggregate_count,false,DERIVED,01_NCRB_India_2023,aggregate-pattern-00328,MEDIUM,
CTX-00329,2024,Maharashtra,Mumbai,property,22710,aggregate_count,false,DERIVED,01_NCRB_India_2023,aggregate-pattern-00329,MEDIUM,
CTX-00330,2023,Delhi,Delhi,theft,1329,aggregate_count,false,DERIVED,01_NCRB_India_2023,aggregate-pattern-00330,MEDIUM,
CTX-00331,2024,Madhya Pradesh,Indore,fraud,15897,aggregate_count,false,DERIVED,01_NCRB_India_2023,aggregate-pattern-00331,MEDIUM,
CTX-00332,2023,Delhi,Delhi,economic,22122,aggregate_count,false,DERIVED,01_NCRB_India_2023,aggregate-pattern-00332,MEDIUM,
CTX-00333,2022,Delhi,Delhi,theft,10876,aggregate_count,false,DERIVED,01_NCRB_India_2023,aggregate-pattern-00333,MEDIUM,
CTX-00334,2024,Madhya Pradesh,Indore,economic,1543,aggregate_count,false,DERIVED,01_NCRB_India_2023,aggregate-pattern-00334,MEDIUM,
CTX-00335,2022,West Bengal,Kolkata,theft,13236,aggregate_count,false,DERIVED,01_NCRB_India_2023,aggregate-pattern-00335,MEDIUM,
CTX-00336,2024,Maharashtra,Nagpur,economic,3210,aggregate_count,false,DERIVED,01_NCRB_India_2023,aggregate-pattern-00336,MEDIUM,
CTX-00337,2024,Telangana,Hyderabad,property,14944,aggregate_count,false,DERIVED,01_NCRB_India_2023,aggregate-pattern-00337,MEDIUM,
CTX-00338,2022,Gujarat,Ahmedabad,theft,6082,aggregate_count,false,DERIVED,01_NCRB_India_2023,aggregate-pattern-00338,MEDIUM,
CTX-00339,2022,Delhi,Delhi,economic,4088,aggregate_count,false,DERIVED,01_NCRB_India_2023,aggregate-pattern-00339,MEDIUM,
CTX-00340,2023,West Bengal,Kolkata,fraud,15210,aggregate_count,false,DERIVED,01_NCRB_India_2023,aggregate-pattern-00340,MEDIUM,
CTX-00341,2024,Delhi,Delhi,theft,794,aggregate_count,false,DERIVED,01_NCRB_India_2023,aggregate-pattern-00341,MEDIUM,
CTX-00342,2023,Telangana,Hyderabad,other,16297,aggregate_count,false,DERIVED,01_NCRB_India_2023,aggregate-pattern-00342,MEDIUM,
CTX-00343,2024,West Bengal,Kolkata,violent,17536,aggregate_count,false,DERIVED,01_NCRB_India_2023,aggregate-pattern-00343,MEDIUM,
CTX-00344,2024,Madhya Pradesh,Indore,cyber-related,18427,aggregate_count,false,DERIVED,01_NCRB_India_2023,aggregate-pattern-00344,MEDIUM,
CTX-00345,2024,Maharashtra,Nashik,violent,11308,aggregate_count,false,DERIVED,01_NCRB_India_2023,aggregate-pattern-00345,MEDIUM,
CTX-00346,2022,Maharashtra,Nagpur,cyber-related,19519,aggregate_count,false,DERIVED,01_NCRB_India_2023,aggregate-pattern-00346,MEDIUM,
CTX-00347,2024,Delhi,Delhi,economic,12295,aggregate_count,false,DERIVED,01_NCRB_India_2023,aggregate-pattern-00347,MEDIUM,
CTX-00348,2024,Madhya Pradesh,Indore,theft,5768,aggregate_count,false,DERIVED,01_NCRB_India_2023,aggregate-pattern-00348,MEDIUM,
CTX-00349,2023,Maharashtra,Nagpur,cyber-related,15313,aggregate_count,false,DERIVED,01_NCRB_India_2023,aggregate-pattern-00349,MEDIUM,
CTX-00350,2024,Karnataka,Bengaluru,property,8821,aggregate_count,false,DERIVED,01_NCRB_India_2023,aggregate-pattern-00350,MEDIUM,
CTX-00351,2022,West Bengal,Kolkata,cyber-related,3725,aggregate_count,false,DERIVED,01_NCRB_India_2023,aggregate-pattern-00351,MEDIUM,
CTX-00352,2023,Karnataka,Bengaluru,cyber-related,18717,aggregate_count,false,DERIVED,01_NCRB_India_2023,aggregate-pattern-00352,MEDIUM,
CTX-00353,2022,Maharashtra,Mumbai,economic,6409,aggregate_count,false,DERIVED,01_NCRB_India_2023,aggregate-pattern-00353,MEDIUM,
CTX-00354,2022,Maharashtra,Nagpur,economic,16213,aggregate_count,false,DERIVED,01_NCRB_India_2023,aggregate-pattern-00354,MEDIUM,
CTX-00355,2023,Madhya Pradesh,Indore,violent,14960,aggregate_count,false,DERIVED,01_NCRB_India_2023,aggregate-pattern-00355,MEDIUM,
CTX-00356,2023,Maharashtra,Mumbai,other,16948,aggregate_count,false,DERIVED,01_NCRB_India_2023,aggregate-pattern-00356,MEDIUM,
CTX-00357,2022,Maharashtra,Nagpur,other,19307,aggregate_count,false,DERIVED,01_NCRB_India_2023,aggregate-pattern-00357,MEDIUM,
CTX-00358,2022,Maharashtra,Nagpur,property,19246,aggregate_count,false,DERIVED,01_NCRB_India_2023,aggregate-pattern-00358,MEDIUM,
CTX-00359,2022,West Bengal,Kolkata,other,12943,aggregate_count,false,DERIVED,01_NCRB_India_2023,aggregate-pattern-00359,MEDIUM,
CTX-00360,2024,Telangana,Hyderabad,economic,6698,aggregate_count,false,DERIVED,01_NCRB_India_2023,aggregate-pattern-00360,MEDIUM,
CTX-00361,2024,Gujarat,Ahmedabad,other,8026,aggregate_count,false,DERIVED,01_NCRB_India_2023,aggregate-pattern-00361,MEDIUM,
CTX-00362,2024,Gujarat,Ahmedabad,property,7127,aggregate_count,false,DERIVED,01_NCRB_India_2023,aggregate-pattern-00362,MEDIUM,
CTX-00363,2023,Karnataka,Bengaluru,fraud,1041,aggregate_count,false,DERIVED,01_NCRB_India_2023,aggregate-pattern-00363,MEDIUM,
CTX-00364,2024,Delhi,Delhi,economic,14681,aggregate_count,false,DERIVED,01_NCRB_India_2023,aggregate-pattern-00364,MEDIUM,
CTX-00365,2023,Maharashtra,Nashik,violent,12027,aggregate_count,false,DERIVED,01_NCRB_India_2023,aggregate-pattern-00365,MEDIUM,
CTX-00366,2023,Madhya Pradesh,Indore,other,14212,aggregate_count,false,DERIVED,01_NCRB_India_2023,aggregate-pattern-00366,MEDIUM,
CTX-00367,2023,Maharashtra,Nashik,economic,23838,aggregate_count,false,DERIVED,01_NCRB_India_2023,aggregate-pattern-00367,MEDIUM,
CTX-00368,2024,West Bengal,Kolkata,cyber-related,21894,aggregate_count,false,DERIVED,01_NCRB_India_2023,aggregate-pattern-00368,MEDIUM,
CTX-00369,2024,Delhi,Delhi,violent,14715,aggregate_count,false,DERIVED,01_NCRB_India_2023,aggregate-pattern-00369,MEDIUM,
CTX-00370,2024,Telangana,Hyderabad,violent,13786,aggregate_count,false,DERIVED,01_NCRB_India_2023,aggregate-pattern-00370,MEDIUM,
CTX-00371,2022,Madhya Pradesh,Indore,violent,15716,aggregate_count,false,DERIVED,01_NCRB_India_2023,aggregate-pattern-00371,MEDIUM,
CTX-00372,2022,Madhya Pradesh,Indore,property,17435,aggregate_count,false,DERIVED,01_NCRB_India_2023,aggregate-pattern-00372,MEDIUM,
CTX-00373,2023,Maharashtra,Mumbai,economic,24196,aggregate_count,false,DERIVED,01_NCRB_India_2023,aggregate-pattern-00373,MEDIUM,
CTX-00374,2022,Madhya Pradesh,Indore,other,5871,aggregate_count,false,DERIVED,01_NCRB_India_2023,aggregate-pattern-00374,MEDIUM,
CTX-00375,2023,Madhya Pradesh,Indore,cyber-related,2617,aggregate_count,false,DERIVED,01_NCRB_India_2023,aggregate-pattern-00375,MEDIUM,
CTX-00376,2023,Maharashtra,Nashik,violent,11210,aggregate_count,false,DERIVED,01_NCRB_India_2023,aggregate-pattern-00376,MEDIUM,
CTX-00377,2024,Maharashtra,Mumbai,cyber-related,23526,aggregate_count,false,DERIVED,01_NCRB_India_2023,aggregate-pattern-00377,MEDIUM,
CTX-00378,2023,Maharashtra,Nagpur,cyber-related,2277,aggregate_count,false,DERIVED,01_NCRB_India_2023,aggregate-pattern-00378,MEDIUM,
CTX-00379,2022,Maharashtra,Nashik,theft,14784,aggregate_count,false,DERIVED,01_NCRB_India_2023,aggregate-pattern-00379,MEDIUM,
CTX-00380,2023,Maharashtra,Nagpur,economic,24339,aggregate_count,false,DERIVED,01_NCRB_India_2023,aggregate-pattern-00380,MEDIUM,
CTX-00381,2024,Maharashtra,Nashik,theft,17072,aggregate_count,false,DERIVED,01_NCRB_India_2023,aggregate-pattern-00381,MEDIUM,
CTX-00382,2023,Maharashtra,Nagpur,other,4367,aggregate_count,false,DERIVED,01_NCRB_India_2023,aggregate-pattern-00382,MEDIUM,
CTX-00383,2024,West Bengal,Kolkata,property,4645,aggregate_count,false,DERIVED,01_NCRB_India_2023,aggregate-pattern-00383,MEDIUM,
CTX-00384,2022,West Bengal,Kolkata,property,18591,aggregate_count,false,DERIVED,01_NCRB_India_2023,aggregate-pattern-00384,MEDIUM,
CTX-00385,2024,Delhi,Delhi,other,17161,aggregate_count,false,DERIVED,01_NCRB_India_2023,aggregate-pattern-00385,MEDIUM,
CTX-00386,2023,Gujarat,Ahmedabad,other,15997,aggregate_count,false,DERIVED,01_NCRB_India_2023,aggregate-pattern-00386,MEDIUM,
CTX-00387,2024,Telangana,Hyderabad,cyber-related,23683,aggregate_count,false,DERIVED,01_NCRB_India_2023,aggregate-pattern-00387,MEDIUM,
CTX-00388,2024,Delhi,Delhi,fraud,5752,aggregate_count,false,DERIVED,01_NCRB_India_2023,aggregate-pattern-00388,MEDIUM,
CTX-00389,2023,Karnataka,Bengaluru,fraud,14752,aggregate_count,false,DERIVED,01_NCRB_India_2023,aggregate-pattern-00389,MEDIUM,
CTX-00390,2022,Maharashtra,Nashik,economic,13046,aggregate_count,false,DERIVED,01_NCRB_India_2023,aggregate-pattern-00390,MEDIUM,
CTX-00391,2022,Maharashtra,Pune,theft,20519,aggregate_count,false,DERIVED,01_NCRB_India_2023,aggregate-pattern-00391,MEDIUM,
CTX-00392,2023,West Bengal,Kolkata,fraud,10553,aggregate_count,false,DERIVED,01_NCRB_India_2023,aggregate-pattern-00392,MEDIUM,
CTX-00393,2024,Madhya Pradesh,Indore,theft,10501,aggregate_count,false,DERIVED,01_NCRB_India_2023,aggregate-pattern-00393,MEDIUM,
CTX-00394,2023,Madhya Pradesh,Indore,fraud,3657,aggregate_count,false,DERIVED,01_NCRB_India_2023,aggregate-pattern-00394,MEDIUM,
CTX-00395,2023,Maharashtra,Nagpur,violent,6683,aggregate_count,false,DERIVED,01_NCRB_India_2023,aggregate-pattern-00395,MEDIUM,
CTX-00396,2023,Karnataka,Bengaluru,cyber-related,16088,aggregate_count,false,DERIVED,01_NCRB_India_2023,aggregate-pattern-00396,MEDIUM,
CTX-00397,2022,West Bengal,Kolkata,economic,14503,aggregate_count,false,DERIVED,01_NCRB_India_2023,aggregate-pattern-00397,MEDIUM,
CTX-00398,2022,Maharashtra,Nashik,theft,11301,aggregate_count,false,DERIVED,01_NCRB_India_2023,aggregate-pattern-00398,MEDIUM,
CTX-00399,2022,Telangana,Hyderabad,cyber-related,22611,aggregate_count,false,DERIVED,01_NCRB_India_2023,aggregate-pattern-00399,MEDIUM,
CTX-00400,2023,Maharashtra,Pune,theft,7962,aggregate_count,false,DERIVED,01_NCRB_India_2023,aggregate-pattern-00400,MEDIUM,
CTX-00401,2024,Maharashtra,Mumbai,property,4377,aggregate_count,false,DERIVED,01_NCRB_India_2023,aggregate-pattern-00401,MEDIUM,
CTX-00402,2022,Delhi,Delhi,violent,22824,aggregate_count,false,DERIVED,01_NCRB_India_2023,aggregate-pattern-00402,MEDIUM,
CTX-00403,2022,Madhya Pradesh,Indore,fraud,6092,aggregate_count,false,DERIVED,01_NCRB_India_2023,aggregate-pattern-00403,MEDIUM,
CTX-00404,2023,Madhya Pradesh,Indore,economic,10401,aggregate_count,false,DERIVED,01_NCRB_India_2023,aggregate-pattern-00404,MEDIUM,
CTX-00405,2024,Delhi,Delhi,violent,3348,aggregate_count,false,DERIVED,01_NCRB_India_2023,aggregate-pattern-00405,MEDIUM,
CTX-00406,2024,Maharashtra,Pune,violent,15403,aggregate_count,false,DERIVED,01_NCRB_India_2023,aggregate-pattern-00406,MEDIUM,
CTX-00407,2022,West Bengal,Kolkata,economic,10900,aggregate_count,false,DERIVED,01_NCRB_India_2023,aggregate-pattern-00407,MEDIUM,
CTX-00408,2022,Gujarat,Ahmedabad,economic,12457,aggregate_count,false,DERIVED,01_NCRB_India_2023,aggregate-pattern-00408,MEDIUM,
CTX-00409,2022,Maharashtra,Nashik,violent,19237,aggregate_count,false,DERIVED,01_NCRB_India_2023,aggregate-pattern-00409,MEDIUM,
CTX-00410,2023,Telangana,Hyderabad,theft,6708,aggregate_count,false,DERIVED,01_NCRB_India_2023,aggregate-pattern-00410,MEDIUM,
CTX-00411,2023,Delhi,Delhi,economic,16529,aggregate_count,false,DERIVED,01_NCRB_India_2023,aggregate-pattern-00411,MEDIUM,
CTX-00412,2023,Telangana,Hyderabad,economic,23567,aggregate_count,false,DERIVED,01_NCRB_India_2023,aggregate-pattern-00412,MEDIUM,
CTX-00413,2023,Telangana,Hyderabad,fraud,24345,aggregate_count,false,DERIVED,01_NCRB_India_2023,aggregate-pattern-00413,MEDIUM,
CTX-00414,2022,Telangana,Hyderabad,property,2994,aggregate_count,false,DERIVED,01_NCRB_India_2023,aggregate-pattern-00414,MEDIUM,
CTX-00415,2024,Madhya Pradesh,Indore,violent,8075,aggregate_count,false,DERIVED,01_NCRB_India_2023,aggregate-pattern-00415,MEDIUM,
CTX-00416,2024,Maharashtra,Nashik,other,4158,aggregate_count,false,DERIVED,01_NCRB_India_2023,aggregate-pattern-00416,MEDIUM,
CTX-00417,2024,Karnataka,Bengaluru,theft,2701,aggregate_count,false,DERIVED,01_NCRB_India_2023,aggregate-pattern-00417,MEDIUM,
CTX-00418,2023,Gujarat,Ahmedabad,violent,6991,aggregate_count,false,DERIVED,01_NCRB_India_2023,aggregate-pattern-00418,MEDIUM,
CTX-00419,2024,Maharashtra,Mumbai,economic,12827,aggregate_count,false,DERIVED,01_NCRB_India_2023,aggregate-pattern-00419,MEDIUM,
CTX-00420,2022,Maharashtra,Mumbai,cyber-related,15507,aggregate_count,false,DERIVED,01_NCRB_India_2023,aggregate-pattern-00420,MEDIUM,
CTX-00421,2022,Maharashtra,Mumbai,other,14205,aggregate_count,false,DERIVED,01_NCRB_India_2023,aggregate-pattern-00421,MEDIUM,
CTX-00422,2024,Maharashtra,Mumbai,violent,21850,aggregate_count,false,DERIVED,01_NCRB_India_2023,aggregate-pattern-00422,MEDIUM,
CTX-00423,2022,Maharashtra,Pune,theft,5074,aggregate_count,false,DERIVED,01_NCRB_India_2023,aggregate-pattern-00423,MEDIUM,
CTX-00424,2023,Maharashtra,Pune,property,7849,aggregate_count,false,DERIVED,01_NCRB_India_2023,aggregate-pattern-00424,MEDIUM,
CTX-00425,2022,Delhi,Delhi,other,832,aggregate_count,false,DERIVED,01_NCRB_India_2023,aggregate-pattern-00425,MEDIUM,
CTX-00426,2023,Maharashtra,Pune,economic,9750,aggregate_count,false,DERIVED,01_NCRB_India_2023,aggregate-pattern-00426,MEDIUM,
CTX-00427,2023,Gujarat,Ahmedabad,property,18692,aggregate_count,false,DERIVED,01_NCRB_India_2023,aggregate-pattern-00427,MEDIUM,
CTX-00428,2023,Delhi,Delhi,violent,9179,aggregate_count,false,DERIVED,01_NCRB_India_2023,aggregate-pattern-00428,MEDIUM,
CTX-00429,2024,Maharashtra,Nagpur,theft,22587,aggregate_count,false,DERIVED,01_NCRB_India_2023,aggregate-pattern-00429,MEDIUM,
CTX-00430,2023,Gujarat,Ahmedabad,fraud,10206,aggregate_count,false,DERIVED,01_NCRB_India_2023,aggregate-pattern-00430,MEDIUM,
CTX-00431,2024,Telangana,Hyderabad,fraud,23232,aggregate_count,false,DERIVED,01_NCRB_India_2023,aggregate-pattern-00431,MEDIUM,
CTX-00432,2022,Karnataka,Bengaluru,property,12041,aggregate_count,false,DERIVED,01_NCRB_India_2023,aggregate-pattern-00432,MEDIUM,
CTX-00433,2024,Gujarat,Ahmedabad,fraud,7989,aggregate_count,false,DERIVED,01_NCRB_India_2023,aggregate-pattern-00433,MEDIUM,
CTX-00434,2024,West Bengal,Kolkata,property,7753,aggregate_count,false,DERIVED,01_NCRB_India_2023,aggregate-pattern-00434,MEDIUM,
CTX-00435,2024,Karnataka,Bengaluru,economic,11744,aggregate_count,false,DERIVED,01_NCRB_India_2023,aggregate-pattern-00435,MEDIUM,
CTX-00436,2023,Karnataka,Bengaluru,theft,8532,aggregate_count,false,DERIVED,01_NCRB_India_2023,aggregate-pattern-00436,MEDIUM,
CTX-00437,2022,Karnataka,Bengaluru,cyber-related,5216,aggregate_count,false,DERIVED,01_NCRB_India_2023,aggregate-pattern-00437,MEDIUM,
CTX-00438,2022,Delhi,Delhi,property,3848,aggregate_count,false,DERIVED,01_NCRB_India_2023,aggregate-pattern-00438,MEDIUM,
CTX-00439,2022,Maharashtra,Pune,economic,11268,aggregate_count,false,DERIVED,01_NCRB_India_2023,aggregate-pattern-00439,MEDIUM,
CTX-00440,2022,Madhya Pradesh,Indore,other,2985,aggregate_count,false,DERIVED,01_NCRB_India_2023,aggregate-pattern-00440,MEDIUM,
CTX-00441,2023,Delhi,Delhi,fraud,17951,aggregate_count,false,DERIVED,01_NCRB_India_2023,aggregate-pattern-00441,MEDIUM,
CTX-00442,2024,Maharashtra,Mumbai,theft,5387,aggregate_count,false,DERIVED,01_NCRB_India_2023,aggregate-pattern-00442,MEDIUM,
CTX-00443,2023,Delhi,Delhi,theft,1136,aggregate_count,false,DERIVED,01_NCRB_India_2023,aggregate-pattern-00443,MEDIUM,
CTX-00444,2024,Maharashtra,Nagpur,violent,15228,aggregate_count,false,DERIVED,01_NCRB_India_2023,aggregate-pattern-00444,MEDIUM,
CTX-00445,2022,Maharashtra,Mumbai,theft,13707,aggregate_count,false,DERIVED,01_NCRB_India_2023,aggregate-pattern-00445,MEDIUM,
CTX-00446,2023,Gujarat,Ahmedabad,economic,23461,aggregate_count,false,DERIVED,01_NCRB_India_2023,aggregate-pattern-00446,MEDIUM,
CTX-00447,2024,Karnataka,Bengaluru,economic,6046,aggregate_count,false,DERIVED,01_NCRB_India_2023,aggregate-pattern-00447,MEDIUM,
CTX-00448,2022,Madhya Pradesh,Indore,property,887,aggregate_count,false,DERIVED,01_NCRB_India_2023,aggregate-pattern-00448,MEDIUM,
CTX-00449,2024,Gujarat,Ahmedabad,violent,21831,aggregate_count,false,DERIVED,01_NCRB_India_2023,aggregate-pattern-00449,MEDIUM,
CTX-00450,2023,Maharashtra,Pune,property,19368,aggregate_count,false,DERIVED,01_NCRB_India_2023,aggregate-pattern-00450,MEDIUM,
CTX-00451,2022,Maharashtra,Nagpur,economic,9512,aggregate_count,false,DERIVED,01_NCRB_India_2023,aggregate-pattern-00451,MEDIUM,
CTX-00452,2023,Maharashtra,Nagpur,cyber-related,3172,aggregate_count,false,DERIVED,01_NCRB_India_2023,aggregate-pattern-00452,MEDIUM,
CTX-00453,2022,West Bengal,Kolkata,theft,2467,aggregate_count,false,DERIVED,01_NCRB_India_2023,aggregate-pattern-00453,MEDIUM,
CTX-00454,2023,Delhi,Delhi,other,5377,aggregate_count,false,DERIVED,01_NCRB_India_2023,aggregate-pattern-00454,MEDIUM,
CTX-00455,2023,Delhi,Delhi,theft,20532,aggregate_count,false,DERIVED,01_NCRB_India_2023,aggregate-pattern-00455,MEDIUM,
CTX-00456,2022,Maharashtra,Mumbai,economic,7950,aggregate_count,false,DERIVED,01_NCRB_India_2023,aggregate-pattern-00456,MEDIUM,
CTX-00457,2022,Maharashtra,Nashik,fraud,11809,aggregate_count,false,DERIVED,01_NCRB_India_2023,aggregate-pattern-00457,MEDIUM,
CTX-00458,2023,Delhi,Delhi,cyber-related,15689,aggregate_count,false,DERIVED,01_NCRB_India_2023,aggregate-pattern-00458,MEDIUM,
CTX-00459,2023,Maharashtra,Pune,theft,11574,aggregate_count,false,DERIVED,01_NCRB_India_2023,aggregate-pattern-00459,MEDIUM,
CTX-00460,2024,Maharashtra,Mumbai,property,18519,aggregate_count,false,DERIVED,01_NCRB_India_2023,aggregate-pattern-00460,MEDIUM,
CTX-00461,2022,Madhya Pradesh,Indore,theft,16266,aggregate_count,false,DERIVED,01_NCRB_India_2023,aggregate-pattern-00461,MEDIUM,
CTX-00462,2022,Delhi,Delhi,property,19296,aggregate_count,false,DERIVED,01_NCRB_India_2023,aggregate-pattern-00462,MEDIUM,
CTX-00463,2024,Madhya Pradesh,Indore,economic,10539,aggregate_count,false,DERIVED,01_NCRB_India_2023,aggregate-pattern-00463,MEDIUM,
CTX-00464,2023,Delhi,Delhi,fraud,21848,aggregate_count,false,DERIVED,01_NCRB_India_2023,aggregate-pattern-00464,MEDIUM,
CTX-00465,2022,Maharashtra,Nashik,violent,7554,aggregate_count,false,DERIVED,01_NCRB_India_2023,aggregate-pattern-00465,MEDIUM,
CTX-00466,2023,Maharashtra,Mumbai,property,13875,aggregate_count,false,DERIVED,01_NCRB_India_2023,aggregate-pattern-00466,MEDIUM,
CTX-00467,2023,Maharashtra,Mumbai,property,23468,aggregate_count,false,DERIVED,01_NCRB_India_2023,aggregate-pattern-00467,MEDIUM,
CTX-00468,2022,Telangana,Hyderabad,cyber-related,11670,aggregate_count,false,DERIVED,01_NCRB_India_2023,aggregate-pattern-00468,MEDIUM,
CTX-00469,2024,West Bengal,Kolkata,property,12129,aggregate_count,false,DERIVED,01_NCRB_India_2023,aggregate-pattern-00469,MEDIUM,
CTX-00470,2023,Karnataka,Bengaluru,violent,1630,aggregate_count,false,DERIVED,01_NCRB_India_2023,aggregate-pattern-00470,MEDIUM,
CTX-00471,2024,Maharashtra,Pune,economic,24650,aggregate_count,false,DERIVED,01_NCRB_India_2023,aggregate-pattern-00471,MEDIUM,
CTX-00472,2023,Delhi,Delhi,economic,7187,aggregate_count,false,DERIVED,01_NCRB_India_2023,aggregate-pattern-00472,MEDIUM,
CTX-00473,2023,Gujarat,Ahmedabad,economic,20283,aggregate_count,false,DERIVED,01_NCRB_India_2023,aggregate-pattern-00473,MEDIUM,
CTX-00474,2023,Delhi,Delhi,fraud,5487,aggregate_count,false,DERIVED,01_NCRB_India_2023,aggregate-pattern-00474,MEDIUM,
CTX-00475,2023,Delhi,Delhi,other,16446,aggregate_count,false,DERIVED,01_NCRB_India_2023,aggregate-pattern-00475,MEDIUM,
CTX-00476,2023,Karnataka,Bengaluru,economic,14182,aggregate_count,false,DERIVED,01_NCRB_India_2023,aggregate-pattern-00476,MEDIUM,
CTX-00477,2024,Telangana,Hyderabad,violent,18257,aggregate_count,false,DERIVED,01_NCRB_India_2023,aggregate-pattern-00477,MEDIUM,
CTX-00478,2023,Maharashtra,Pune,economic,8198,aggregate_count,false,DERIVED,01_NCRB_India_2023,aggregate-pattern-00478,MEDIUM,
CTX-00479,2024,Telangana,Hyderabad,cyber-related,15078,aggregate_count,false,DERIVED,01_NCRB_India_2023,aggregate-pattern-00479,MEDIUM,
CTX-00480,2024,Maharashtra,Pune,fraud,2503,aggregate_count,false,DERIVED,01_NCRB_India_2023,aggregate-pattern-00480,MEDIUM,
CTX-00481,2023,Karnataka,Bengaluru,property,1961,aggregate_count,false,DERIVED,01_NCRB_India_2023,aggregate-pattern-00481,MEDIUM,
CTX-00482,2023,Maharashtra,Nashik,property,24135,aggregate_count,false,DERIVED,01_NCRB_India_2023,aggregate-pattern-00482,MEDIUM,
CTX-00483,2024,Maharashtra,Pune,property,1290,aggregate_count,false,DERIVED,01_NCRB_India_2023,aggregate-pattern-00483,MEDIUM,
CTX-00484,2024,Gujarat,Ahmedabad,cyber-related,13039,aggregate_count,false,DERIVED,01_NCRB_India_2023,aggregate-pattern-00484,MEDIUM,
CTX-00485,2024,Maharashtra,Nagpur,economic,6972,aggregate_count,false,DERIVED,01_NCRB_India_2023,aggregate-pattern-00485,MEDIUM,
CTX-00486,2023,Gujarat,Ahmedabad,violent,1239,aggregate_count,false,DERIVED,01_NCRB_India_2023,aggregate-pattern-00486,MEDIUM,
CTX-00487,2022,Maharashtra,Mumbai,theft,1991,aggregate_count,false,DERIVED,01_NCRB_India_2023,aggregate-pattern-00487,MEDIUM,
CTX-00488,2024,Telangana,Hyderabad,violent,18248,aggregate_count,false,DERIVED,01_NCRB_India_2023,aggregate-pattern-00488,MEDIUM,
CTX-00489,2024,Maharashtra,Nagpur,fraud,9536,aggregate_count,false,DERIVED,01_NCRB_India_2023,aggregate-pattern-00489,MEDIUM,
CTX-00490,2023,Madhya Pradesh,Indore,cyber-related,18766,aggregate_count,false,DERIVED,01_NCRB_India_2023,aggregate-pattern-00490,MEDIUM,
CTX-00491,2022,Delhi,Delhi,economic,14585,aggregate_count,false,DERIVED,01_NCRB_India_2023,aggregate-pattern-00491,MEDIUM,
CTX-00492,2024,Delhi,Delhi,violent,7532,aggregate_count,false,DERIVED,01_NCRB_India_2023,aggregate-pattern-00492,MEDIUM,
CTX-00493,2022,Delhi,Delhi,other,830,aggregate_count,false,DERIVED,01_NCRB_India_2023,aggregate-pattern-00493,MEDIUM,
CTX-00494,2024,Maharashtra,Nashik,violent,8286,aggregate_count,false,DERIVED,01_NCRB_India_2023,aggregate-pattern-00494,MEDIUM,
CTX-00495,2024,Maharashtra,Nagpur,cyber-related,1322,aggregate_count,false,DERIVED,01_NCRB_India_2023,aggregate-pattern-00495,MEDIUM,
CTX-00496,2023,Delhi,Delhi,economic,5498,aggregate_count,false,DERIVED,01_NCRB_India_2023,aggregate-pattern-00496,MEDIUM,
CTX-00497,2023,Maharashtra,Nagpur,cyber-related,12938,aggregate_count,false,DERIVED,01_NCRB_India_2023,aggregate-pattern-00497,MEDIUM,
CTX-00498,2023,Telangana,Hyderabad,economic,16412,aggregate_count,false,DERIVED,01_NCRB_India_2023,aggregate-pattern-00498,MEDIUM,
CTX-00499,2024,Karnataka,Bengaluru,other,16686,aggregate_count,false,DERIVED,01_NCRB_India_2023,aggregate-pattern-00499,MEDIUM,
CTX-00500,2023,Gujarat,Ahmedabad,violent,6551,aggregate_count,false,DERIVED,01_NCRB_India_2023,aggregate-pattern-00500,MEDIUM,
