person_id,name,role,date_of_birth,gender,organization_id,primary_location_id,synthetic_flag,data_origin,source_dataset,source_record_reference,confidence,scenario_id
PER-002304,Aarav Verma 2304,researcher,1995-01-13,F,ORG-03548,LOC-003069,true,SYNTHETIC,,,MEDIUM,
PER-002324,Nisha Deshmukh 2324,vendor,1983-08-18,M,ORG-00704,LOC-009432,true,SYNTHETIC,,,MEDIUM,
PER-003233,Aditya Khan 3233,consultant,1993-10-24,X,ORG-03081,LOC-001301,true,SYNTHETIC,,,MEDIUM,
PER-003235,Kabir Patil 3235,vendor,1967-07-06,X,ORG-01585,LOC-004904,true,SYNTHETIC,,,MEDIUM,
PER-006443,Riya Mehta 6443,engineer,1975-05-10,M,ORG-03226,LOC-004989,true,SYNTHETIC,,,MEDIUM,
PER-006463,Vivaan Pawar 6463,engineer,1985-09-28,M,ORG-04816,LOC-007251,true,SYNTHETIC,,,MEDIUM,
PER-007236,Rohan Pawar 7236,operator,1973-10-04,X,ORG-01060,LOC-001855,true,SYNTHETIC,,,MEDIUM,
PER-007245,Sara Mehta 7245,researcher,2012-12-24,M,ORG-00500,LOC-007231,true,SYNTHETIC,,,MEDIUM,
PER-009628,Sara Gupta 9628,manager,2004-07-08,X,ORG-03340,LOC-009679,true,SYNTHETIC,,,MEDIUM,
PER-009651,Anaya Shah 9651,engineer,1985-08-09,M,ORG-02726,LOC-005474,true,SYNTHETIC,,,MEDIUM,
PER-010131,Anaya Gupta 10131,resident,1999-04-05,F,ORG-04936,LOC-008679,true,SYNTHETIC,,,MEDIUM,
PER-010137,Diya Mehta 10137,consultant,1974-02-28,F,ORG-00975,LOC-003563,true,SYNTHETIC,,,MEDIUM,
PER-017223,Ira Khan 17223,student,2013-03-17,X,ORG-01887,LOC-005692,true,SYNTHETIC,,,MEDIUM,
PER-017239,Ishaan Gupta 17239,operator,1979-10-23,M,ORG-04439,LOC-001105,true,SYNTHETIC,,,MEDIUM,
PER-018950,Kavya Verma 18950,analyst,1975-03-11,X,ORG-01111,LOC-002481,true,SYNTHETIC,,,MEDIUM,
PER-018958,Nisha Shah 18958,driver,1971-04-29,M,ORG-02931,LOC-009197,true,SYNTHETIC,,,MEDIUM,
PER-019374,Aditya Mehta 19374,resident,2012-11-20,M,ORG-00912,LOC-007336,true,SYNTHETIC,,,MEDIUM,
PER-019375,Aarav Singh 19375,consultant,1990-11-24,F,ORG-01640,LOC-009166,true,SYNTHETIC,,,MEDIUM,
PER-020096,Kabir Verma 20096,researcher,1972-10-16,X,ORG-00773,LOC-007371,true,SYNTHETIC,,,MEDIUM,
PER-020106,Aditya Gupta 20106,operator,2012-06-19,X,ORG-00629,LOC-000811,true,SYNTHETIC,,,MEDIUM,
PER-021845,Vivaan Kulkarni 21845,engineer,1987-09-02,X,ORG-00237,LOC-006029,true,SYNTHETIC,,,MEDIUM,
PER-021869,Anaya Deshmukh 21869,resident,2005-08-24,F,ORG-01590,LOC-006699,true,SYNTHETIC,,,MEDIUM,
PER-022852,Nisha Gupta 22852,driver,1992-09-09,F,ORG-04916,LOC-005358,true,SYNTHETIC,,,MEDIUM,
PER-022857,Arjun Pawar 22857,employee,1981-07-13,F,ORG-04951,LOC-007773,true,SYNTHETIC,,,MEDIUM,
PER-023945,Kabir Verma 23945,employee,1983-11-14,M,ORG-02684,LOC-006608,true,SYNTHETIC,,,MEDIUM,
PER-023957,Nisha Verma 23957,driver,2013-06-26,M,ORG-04039,LOC-004585,true,SYNTHETIC,,,MEDIUM,
PER-027179,Riya Deshmukh 27179,manager,1980-09-08,X,ORG-04671,LOC-001352,true,SYNTHETIC,,,MEDIUM,
PER-027182,Arjun Pawar 27182,vendor,2001-10-14,X,ORG-00004,LOC-001440,true,SYNTHETIC,,,MEDIUM,
PER-028278,Rohan Joshi 28278,resident,2010-02-05,M,ORG-02308,LOC-001251,true,SYNTHETIC,,,MEDIUM,
PER-028283,Rohan Iyer 28283,employee,1996-05-11,X,ORG-02179,LOC-000287,true,SYNTHETIC,,,MEDIUM,
PER-028447,Aanya Kulkarni 28447,engineer,2012-07-27,M,ORG-01646,LOC-007127,true,SYNTHETIC,,,MEDIUM,
PER-028450,Ira Verma 28450,manager,1989-08-24,M,ORG-01798,LOC-009499,true,SYNTHETIC,,,MEDIUM,
PER-028494,Ira Deshmukh 28494,engineer,2008-01-18,X,ORG-04651,LOC-003606,true,SYNTHETIC,,,MEDIUM,
PER-028498,Kabir Khan 28498,researcher,1997-02-22,F,ORG-01672,LOC-000572,true,SYNTHETIC,,,MEDIUM,
PER-029521,Vivaan Iyer 29521,vendor,1978-11-08,X,ORG-01940,LOC-006867,true,SYNTHETIC,,,MEDIUM,
PER-029525,Ira Gupta 29525,researcher,2009-07-12,M,ORG-03196,LOC-005411,true,SYNTHETIC,,,MEDIUM,
PER-031212,Anaya Mehta 31212,resident,1982-07-07,M,ORG-02552,LOC-008029,true,SYNTHETIC,,,MEDIUM,
PER-031219,Rohan Shah 31219,driver,1984-05-01,X,ORG-00435,LOC-003486,true,SYNTHETIC,,,MEDIUM,
PER-035454,Diya Pawar 35454,engineer,2009-04-21,M,ORG-01122,LOC-003644,true,SYNTHETIC,,,MEDIUM,
PER-035465,Aarav Khan 35465,researcher,1987-03-14,F,ORG-00176,LOC-003668,true,SYNTHETIC,,,MEDIUM,
