transaction_id,timestamp,sender_account_id,receiver_account_id,amount,currency,transaction_type,status,anomaly_flag,anomaly_score,ml_pattern_metadata,synthetic_flag,data_origin,source_dataset,source_record_reference,confidence,scenario_id
TXN-00000399,2025-10-20T10:02:01,ACC-013737,ACC-017525,1462.83,INR,deposit,completed,true,0.911703,"{""synthetic_pattern"": true, ""pattern_family"": ""fin""}",true,SYNTHETIC,,,MEDIUM,SCN-FIN-1591
TXN-00000899,2025-06-24T17:12:21,ACC-013737,ACC-017525,3295.74,INR,payment,pending,true,0.908337,"{""synthetic_pattern"": true, ""pattern_family"": ""fin""}",true,SYNTHETIC,,,MEDIUM,SCN-FIN-1591
TXN-00001399,2025-04-23T08:27:55,ACC-013737,ACC-017525,732.1,INR,payment,completed,true,0.920014,"{""synthetic_pattern"": true, ""pattern_family"": ""fin""}",true,SYNTHETIC,,,MEDIUM,SCN-FIN-1591
TXN-00001899,2025-02-04T15:33:59,ACC-013737,ACC-017525,1584.07,INR,transfer,pending,true,0.93121,"{""synthetic_pattern"": true, ""pattern_family"": ""fin""}",true,SYNTHETIC,,,MEDIUM,SCN-FIN-1591
TXN-00002399,2024-04-27T11:07:56,ACC-013737,ACC-017525,4110.84,INR,transfer,completed,false,0.813961,"{""synthetic_pattern"": true, ""pattern_family"": ""fin""}",true,SYNTHETIC,,,MEDIUM,SCN-FIN-1591
TXN-00002899,2024-07-21T21:16:34,ACC-013737,ACC-017525,572.88,INR,deposit,completed,false,0.809583,"{""synthetic_pattern"": true, ""pattern_family"": ""fin""}",true,SYNTHETIC,,,MEDIUM,SCN-FIN-1591
TXN-00003399,2024-05-14T23:45:36,ACC-013737,ACC-017525,796.36,INR,transfer,pending,true,0.950725,"{""synthetic_pattern"": true, ""pattern_family"": ""fin""}",true,SYNTHETIC,,,MEDIUM,SCN-FIN-1591
TXN-00003899,2025-11-04T17:21:35,ACC-013737,ACC-017525,466.54,INR,deposit,completed,true,0.895905,"{""synthetic_pattern"": true, ""pattern_family"": ""fin""}",true,SYNTHETIC,,,MEDIUM,SCN-FIN-1591
TXN-00004399,2025-05-02T20:53:21,ACC-013737,ACC-017525,800.68,INR,deposit,completed,true,0.965373,"{""synthetic_pattern"": true, ""pattern_family"": ""fin""}",true,SYNTHETIC,,,MEDIUM,SCN-FIN-1591
TXN-00004899,2024-04-09T21:11:31,ACC-013737,ACC-017525,1905.72,INR,transfer,pending,true,0.930333,"{""synthetic_pattern"": true, ""pattern_family"": ""fin""}",true,SYNTHETIC,,,MEDIUM,SCN-FIN-1591
TXN-00005399,2024-10-25T22:18:34,ACC-013737,ACC-017525,2189.16,INR,payment,completed,true,0.847296,"{""synthetic_pattern"": true, ""pattern_family"": ""fin""}",true,SYNTHETIC,,,MEDIUM,SCN-FIN-1591
TXN-00005899,2024-10-08T18:13:08,ACC-013737,ACC-017525,1175.04,INR,transfer,completed,true,0.952869,"{""synthetic_pattern"": true, ""pattern_family"": ""fin""}",true,SYNTHETIC,,,MEDIUM,SCN-FIN-1591
TXN-00006399,2025-07-30T07:29:27,ACC-013737,ACC-017525,1102.53,INR,transfer,completed,true,0.977619,"{""synthetic_pattern"": true, ""pattern_family"": ""fin""}",true,SYNTHETIC,,,MEDIUM,SCN-FIN-1591
TXN-00006899,2024-02-01T00:57:30,ACC-013737,ACC-017525,453.95,INR,withdrawal,completed,true,0.914125,"{""synthetic_pattern"": true, ""pattern_family"": ""fin""}",true,SYNTHETIC,,,MEDIUM,SCN-FIN-1591
TXN-00007399,2025-02-02T13:17:23,ACC-013737,ACC-017525,1810.33,INR,deposit,completed,true,0.903304,"{""synthetic_pattern"": true, ""pattern_family"": ""fin""}",true,SYNTHETIC,,,MEDIUM,SCN-FIN-1591
TXN-00007899,2025-11-08T03:38:54,ACC-013737,ACC-017525,2398.59,INR,deposit,pending,true,0.934644,"{""synthetic_pattern"": true, ""pattern_family"": ""fin""}",true,SYNTHETIC,,,MEDIUM,SCN-FIN-1591
TXN-00008399,2025-12-07T11:14:55,ACC-013737,ACC-017525,1266.95,INR,transfer,completed,true,0.914402,"{""synthetic_pattern"": true, ""pattern_family"": ""fin""}",true,SYNTHETIC,,,MEDIUM,SCN-FIN-1591
TXN-00008899,2024-10-05T05:26:16,ACC-013737,ACC-017525,3342.59,INR,payment,completed,true,0.897778,"{""synthetic_pattern"": true, ""pattern_family"": ""fin""}",true,SYNTHETIC,,,MEDIUM,SCN-FIN-1591
TXN-00009399,2025-11-14T16:38:55,ACC-013737,ACC-017525,16537.59,INR,payment,completed,true,0.898527,"{""synthetic_pattern"": true, ""pattern_family"": ""fin""}",true,SYNTHETIC,,,MEDIUM,SCN-FIN-1591
TXN-00009899,2024-07-24T21:16:33,ACC-013737,ACC-017525,346.5,INR,payment,pending,true,0.830045,"{""synthetic_pattern"": true, ""pattern_family"": ""fin""}",true,SYNTHETIC,,,MEDIUM,SCN-FIN-1591
TXN-00010399,2025-04-20T20:05:05,ACC-013737,ACC-017525,2374.02,INR,payment,completed,true,0.924503,"{""synthetic_pattern"": true, ""pattern_family"": ""fin""}",true,SYNTHETIC,,,MEDIUM,SCN-FIN-1591
TXN-00010899,2024-06-21T12:14:23,ACC-013737,ACC-017525,5425.11,INR,deposit,completed,true,0.936659,"{""synthetic_pattern"": true, ""pattern_family"": ""fin""}",true,SYNTHETIC,,,MEDIUM,SCN-FIN-1591
TXN-00011399,2025-06-20T07:51:29,ACC-013737,ACC-017525,781.47,INR,withdrawal,completed,true,0.962914,"{""synthetic_pattern"": true, ""pattern_family"": ""fin""}",true,SYNTHETIC,,,MEDIUM,SCN-FIN-1591
TXN-00011899,2025-12-21T13:49:08,ACC-013737,ACC-017525,3544.61,INR,deposit,completed,true,0.963808,"{""synthetic_pattern"": true, ""pattern_family"": ""fin""}",true,SYNTHETIC,,,MEDIUM,SCN-FIN-1591
TXN-00012399,2024-02-09T01:42:07,ACC-013737,ACC-017525,522.32,INR,deposit,pending,true,0.825377,"{""synthetic_pattern"": true, ""pattern_family"": ""fin""}",true,SYNTHETIC,,,MEDIUM,SCN-FIN-1591
TXN-00012899,2024-05-31T11:02:38,ACC-013737,ACC-017525,944.65,INR,withdrawal,completed,true,0.829349,"{""synthetic_pattern"": true, ""pattern_family"": ""fin""}",true,SYNTHETIC,,,MEDIUM,SCN-FIN-1591
TXN-00013399,2024-01-25T15:52:50,ACC-013737,ACC-017525,1034.49,INR,transfer,completed,true,0.930737,"{""synthetic_pattern"": true, ""pattern_family"": ""fin""}",true,SYNTHETIC,,,MEDIUM,SCN-FIN-1591
TXN-00013899,2024-07-01T06:07:47,ACC-013737,ACC-017525,1152.55,INR,withdrawal,completed,true,0.9269,"{""synthetic_pattern"": true, ""pattern_family"": ""fin""}",true,SYNTHETIC,,,MEDIUM,SCN-FIN-1591
TXN-00014399,2025-11-14T00:50:46,ACC-013737,ACC-017525,3767.67,INR,transfer,pending,true,0.968561,"{""synthetic_pattern"": true, ""pattern_family"": ""fin""}",true,SYNTHETIC,,,MEDIUM,SCN-FIN-1591
TXN-00014899,2025-10-26T02:19:14,ACC-013737,ACC-017525,1542.05,INR,transfer,completed,false,0.8105,"{""synthetic_pattern"": true, ""pattern_family"": ""fin""}",true,SYNTHETIC,,,MEDIUM,SCN-FIN-1591
TXN-00015399,2024-09-03T05:44:39,ACC-013737,ACC-017525,596.91,INR,payment,completed,true,0.850988,"{""synthetic_pattern"": true, ""pattern_family"": ""fin""}",true,SYNTHETIC,,,MEDIUM,SCN-FIN-1591
TXN-00015899,2025-09-02T05:37:52,ACC-013737,ACC-017525,6246.62,INR,transfer,completed,true,0.878764,"{""synthetic_pattern"": true, ""pattern_family"": ""fin""}",true,SYNTHETIC,,,MEDIUM,SCN-FIN-1591
TXN-00016399,2024-08-03T16:47:11,ACC-013737,ACC-017525,2730.93,INR,withdrawal,completed,true,0.857875,"{""synthetic_pattern"": true, ""pattern_family"": ""fin""}",true,SYNTHETIC,,,MEDIUM,SCN-FIN-1591
TXN-00016899,2025-07-30T21:20:12,ACC-013737,ACC-017525,1374.49,INR,payment,completed,true,0.876774,"{""synthetic_pattern"": true, ""pattern_family"": ""fin""}",true,SYNTHETIC,,,MEDIUM,SCN-FIN-1591
TXN-00017399,2024-01-15T01:27:16,ACC-013737,ACC-017525,1185.38,INR,deposit,pending,true,0.881122,"{""synthetic_pattern"": true, ""pattern_family"": ""fin""}",true,SYNTHETIC,,,MEDIUM,SCN-FIN-1591
TXN-00017899,2024-01-09T00:34:43,ACC-013737,ACC-017525,95.36,INR,transfer,pending,true,0.874403,"{""synthetic_pattern"": true, ""pattern_family"": ""fin""}",true,SYNTHETIC,,,MEDIUM,SCN-FIN-1591
TXN-00018399,2025-02-16T23:41:21,ACC-013737,ACC-017525,380.45,INR,withdrawal,completed,true,0.881652,"{""synthetic_pattern"": true, ""pattern_family"": ""fin""}",true,SYNTHETIC,,,MEDIUM,SCN-FIN-1591
TXN-00018899,2024-06-10T11:07:09,ACC-013737,ACC-017525,341.81,INR,transfer,completed,true,0.945473,"{""synthetic_pattern"": true, ""pattern_family"": ""fin""}",true,SYNTHETIC,,,MEDIUM,SCN-FIN-1591
TXN-00019399,2024-06-30T10:06:23,ACC-013737,ACC-017525,1152.72,INR,withdrawal,completed,true,0.95797,"{""synthetic_pattern"": true, ""pattern_family"": ""fin""}",true,SYNTHETIC,,,MEDIUM,SCN-FIN-1591
TXN-00019899,2024-09-13T03:54:32,ACC-013737,ACC-017525,366.9,INR,payment,completed,true,0.966987,"{""synthetic_pattern"": true, ""pattern_family"": ""fin""}",true,SYNTHETIC,,,MEDIUM,SCN-FIN-1591
TXN-00020399,2024-01-28T22:46:00,ACC-013737,ACC-017525,433.96,INR,payment,completed,true,0.88221,"{""synthetic_pattern"": true, ""pattern_family"": ""fin""}",true,SYNTHETIC,,,MEDIUM,SCN-FIN-1591
TXN-00020899,2025-01-12T15:44:53,ACC-013737,ACC-017525,3070.32,INR,transfer,completed,true,0.854987,"{""synthetic_pattern"": true, ""pattern_family"": ""fin""}",true,SYNTHETIC,,,MEDIUM,SCN-FIN-1591
TXN-00021399,2025-07-22T15:30:28,ACC-013737,ACC-017525,2334.24,INR,deposit,completed,false,0.800884,"{""synthetic_pattern"": true, ""pattern_family"": ""fin""}",true,SYNTHETIC,,,MEDIUM,SCN-FIN-1591
TXN-00021899,2024-07-21T11:15:33,ACC-013737,ACC-017525,1565.13,INR,payment,completed,true,0.867167,"{""synthetic_pattern"": true, ""pattern_family"": ""fin""}",true,SYNTHETIC,,,MEDIUM,SCN-FIN-1591
TXN-00022399,2025-03-16T21:04:38,ACC-013737,ACC-017525,1990.5,INR,transfer,completed,true,0.924941,"{""synthetic_pattern"": true, ""pattern_family"": ""fin""}",true,SYNTHETIC,,,MEDIUM,SCN-FIN-1591
TXN-00022899,2025-08-18T19:30:44,ACC-013737,ACC-017525,2102.2,INR,deposit,completed,true,0.891303,"{""synthetic_pattern"": true, ""pattern_family"": ""fin""}",true,SYNTHETIC,,,MEDIUM,SCN-FIN-1591
TXN-00023399,2025-12-03T08:29:44,ACC-013737,ACC-017525,1737.99,INR,payment,completed,false,0.813685,"{""synthetic_pattern"": true, ""pattern_family"": ""fin""}",true,SYNTHETIC,,,MEDIUM,SCN-FIN-1591
TXN-00023899,2024-08-12T21:13:18,ACC-013737,ACC-017525,629.54,INR,withdrawal,completed,true,0.872829,"{""synthetic_pattern"": true, ""pattern_family"": ""fin""}",true,SYNTHETIC,,,MEDIUM,SCN-FIN-1591
TXN-00024399,2025-07-07T00:06:12,ACC-013737,ACC-017525,4521.12,INR,payment,pending,true,0.882146,"{""synthetic_pattern"": true, ""pattern_family"": ""fin""}",true,SYNTHETIC,,,MEDIUM,SCN-FIN-1591
TXN-00024899,2025-01-24T08:03:42,ACC-013737,ACC-017525,2044.24,INR,payment,completed,true,0.83681,"{""synthetic_pattern"": true, ""pattern_family"": ""fin""}",true,SYNTHETIC,,,MEDIUM,SCN-FIN-1591
TXN-00025399,2025-09-05T05:05:33,ACC-013737,ACC-017525,386.01,INR,transfer,completed,true,0.831699,"{""synthetic_pattern"": true, ""pattern_family"": ""fin""}",true,SYNTHETIC,,,MEDIUM,SCN-FIN-1591
TXN-00025899,2024-08-17T14:31:08,ACC-013737,ACC-017525,2133.81,INR,transfer,pending,true,0.886578,"{""synthetic_pattern"": true, ""pattern_family"": ""fin""}",true,SYNTHETIC,,,MEDIUM,SCN-FIN-1591
TXN-00026399,2025-12-24T20:57:45,ACC-013737,ACC-017525,407.98,INR,transfer,pending,true,0.920309,"{""synthetic_pattern"": true, ""pattern_family"": ""fin""}",true,SYNTHETIC,,,MEDIUM,SCN-FIN-1591
TXN-00026899,2025-06-10T17:37:09,ACC-013737,ACC-017525,4686.68,INR,payment,completed,true,0.984731,"{""synthetic_pattern"": true, ""pattern_family"": ""fin""}",true,SYNTHETIC,,,MEDIUM,SCN-FIN-1591
TXN-00027399,2024-09-11T09:10:54,ACC-013737,ACC-017525,760.86,INR,withdrawal,pending,false,0.814233,"{""synthetic_pattern"": true, ""pattern_family"": ""fin""}",true,SYNTHETIC,,,MEDIUM,SCN-FIN-1591
TXN-00027899,2025-10-10T15:14:21,ACC-013737,ACC-017525,2524.03,INR,transfer,pending,true,0.921787,"{""synthetic_pattern"": true, ""pattern_family"": ""fin""}",true,SYNTHETIC,,,MEDIUM,SCN-FIN-1591
TXN-00028399,2024-04-15T04:11:32,ACC-013737,ACC-017525,1489.03,INR,payment,completed,true,0.889859,"{""synthetic_pattern"": true, ""pattern_family"": ""fin""}",true,SYNTHETIC,,,MEDIUM,SCN-FIN-1591
TXN-00028899,2025-04-19T07:02:06,ACC-013737,ACC-017525,1064.23,INR,payment,completed,true,0.837962,"{""synthetic_pattern"": true, ""pattern_family"": ""fin""}",true,SYNTHETIC,,,MEDIUM,SCN-FIN-1591
TXN-00029399,2024-08-04T07:55:54,ACC-013737,ACC-017525,1890.04,INR,withdrawal,completed,true,0.958353,"{""synthetic_pattern"": true, ""pattern_family"": ""fin""}",true,SYNTHETIC,,,MEDIUM,SCN-FIN-1591
TXN-00029899,2025-07-02T00:38:35,ACC-013737,ACC-017525,766.49,INR,payment,completed,true,0.93311,"{""synthetic_pattern"": true, ""pattern_family"": ""fin""}",true,SYNTHETIC,,,MEDIUM,SCN-FIN-1591
TXN-00030399,2024-10-13T09:38:10,ACC-013737,ACC-017525,5363.62,INR,payment,pending,true,0.83537,"{""synthetic_pattern"": true, ""pattern_family"": ""fin""}",true,SYNTHETIC,,,MEDIUM,SCN-FIN-1591
TXN-00030899,2025-03-17T20:35:28,ACC-013737,ACC-017525,1404.57,INR,payment,completed,false,0.80385,"{""synthetic_pattern"": true, ""pattern_family"": ""fin""}",true,SYNTHETIC,,,MEDIUM,SCN-FIN-1591
TXN-00031399,2024-12-17T13:01:49,ACC-013737,ACC-017525,4845.76,INR,withdrawal,completed,true,0.94223,"{""synthetic_pattern"": true, ""pattern_family"": ""fin""}",true,SYNTHETIC,,,MEDIUM,SCN-FIN-1591
TXN-00031899,2024-11-23T05:51:54,ACC-013737,ACC-017525,858.95,INR,payment,completed,false,0.803488,"{""synthetic_pattern"": true, ""pattern_family"": ""fin""}",true,SYNTHETIC,,,MEDIUM,SCN-FIN-1591
TXN-00032399,2024-01-18T07:30:15,ACC-013737,ACC-017525,1287.38,INR,payment,completed,false,0.812352,"{""synthetic_pattern"": true, ""pattern_family"": ""fin""}",true,SYNTHETIC,,,MEDIUM,SCN-FIN-1591
TXN-00032899,2024-03-17T16:14:58,ACC-013737,ACC-017525,853.87,INR,transfer,completed,true,0.959646,"{""synthetic_pattern"": true, ""pattern_family"": ""fin""}",true,SYNTHETIC,,,MEDIUM,SCN-FIN-1591
TXN-00033399,2025-04-21T20:03:53,ACC-013737,ACC-017525,1690.45,INR,withdrawal,completed,true,0.869554,"{""synthetic_pattern"": true, ""pattern_family"": ""fin""}",true,SYNTHETIC,,,MEDIUM,SCN-FIN-1591
TXN-00033899,2025-07-25T10:45:37,ACC-013737,ACC-017525,930.35,INR,deposit,completed,true,0.892194,"{""synthetic_pattern"": true, ""pattern_family"": ""fin""}",true,SYNTHETIC,,,MEDIUM,SCN-FIN-1591
TXN-00034399,2025-11-17T01:05:42,ACC-013737,ACC-017525,1624.84,INR,transfer,pending,true,0.891876,"{""synthetic_pattern"": true, ""pattern_family"": ""fin""}",true,SYNTHETIC,,,MEDIUM,SCN-FIN-1591
TXN-00034899,2024-11-21T20:22:09,ACC-013737,ACC-017525,879.93,INR,deposit,completed,true,0.939174,"{""synthetic_pattern"": true, ""pattern_family"": ""fin""}",true,SYNTHETIC,,,MEDIUM,SCN-FIN-1591
TXN-00035399,2025-10-26T11:55:22,ACC-013737,ACC-017525,3050.92,INR,withdrawal,completed,true,0.896197,"{""synthetic_pattern"": true, ""pattern_family"": ""fin""}",true,SYNTHETIC,,,MEDIUM,SCN-FIN-1591
TXN-00035899,2024-04-28T21:06:04,ACC-013737,ACC-017525,2755.17,INR,withdrawal,completed,true,0.829281,"{""synthetic_pattern"": true, ""pattern_family"": ""fin""}",true,SYNTHETIC,,,MEDIUM,SCN-FIN-1591
TXN-00036399,2025-04-29T14:36:00,ACC-013737,ACC-017525,369.12,INR,transfer,completed,true,0.923677,"{""synthetic_pattern"": true, ""pattern_family"": ""fin""}",true,SYNTHETIC,,,MEDIUM,SCN-FIN-1591
TXN-00036899,2025-02-25T06:11:09,ACC-013737,ACC-017525,1625.79,INR,deposit,completed,true,0.827085,"{""synthetic_pattern"": true, ""pattern_family"": ""fin""}",true,SYNTHETIC,,,MEDIUM,SCN-FIN-1591
TXN-00037399,2025-11-12T01:29:34,ACC-013737,ACC-017525,1135.09,INR,transfer,completed,true,0.981041,"{""synthetic_pattern"": true, ""pattern_family"": ""fin""}",true,SYNTHETIC,,,MEDIUM,SCN-FIN-1591
TXN-00037899,2024-01-25T09:07:07,ACC-013737,ACC-017525,929.02,INR,deposit,pending,true,0.8885,"{""synthetic_pattern"": true, ""pattern_family"": ""fin""}",true,SYNTHETIC,,,MEDIUM,SCN-FIN-1591
TXN-00038399,2025-02-14T12:37:39,ACC-013737,ACC-017525,732.81,INR,withdrawal,completed,true,0.847069,"{""synthetic_pattern"": true, ""pattern_family"": ""fin""}",true,SYNTHETIC,,,MEDIUM,SCN-FIN-1591
TXN-00038899,2025-08-31T03:49:34,ACC-013737,ACC-017525,1657.25,INR,payment,completed,true,0.95382,"{""synthetic_pattern"": true, ""pattern_family"": ""fin""}",true,SYNTHETIC,,,MEDIUM,SCN-FIN-1591
TXN-00039399,2024-06-08T06:25:49,ACC-013737,ACC-017525,755.87,INR,payment,completed,true,0.934177,"{""synthetic_pattern"": true, ""pattern_family"": ""fin""}",true,SYNTHETIC,,,MEDIUM,SCN-FIN-1591
TXN-00039899,2024-07-31T22:57:54,ACC-013737,ACC-017525,2335.26,INR,transfer,completed,true,0.980712,"{""synthetic_pattern"": true, ""pattern_family"": ""fin""}",true,SYNTHETIC,,,MEDIUM,SCN-FIN-1591
TXN-00040399,2024-01-04T22:21:37,ACC-013737,ACC-017525,7573.48,INR,transfer,completed,true,0.834104,"{""synthetic_pattern"": true, ""pattern_family"": ""fin""}",true,SYNTHETIC,,,MEDIUM,SCN-FIN-1591
TXN-00040899,2025-05-12T06:08:32,ACC-013737,ACC-017525,1707.02,INR,withdrawal,completed,true,0.966236,"{""synthetic_pattern"": true, ""pattern_family"": ""fin""}",true,SYNTHETIC,,,MEDIUM,SCN-FIN-1591
TXN-00041399,2025-08-17T10:29:04,ACC-013737,ACC-017525,935.37,INR,withdrawal,completed,true,0.921027,"{""synthetic_pattern"": true, ""pattern_family"": ""fin""}",true,SYNTHETIC,,,MEDIUM,SCN-FIN-1591
TXN-00041899,2024-10-22T09:42:46,ACC-013737,ACC-017525,419.76,INR,deposit,completed,false,0.817036,"{""synthetic_pattern"": true, ""pattern_family"": ""fin""}",true,SYNTHETIC,,,MEDIUM,SCN-FIN-1591
TXN-00042399,2025-02-18T06:13:19,ACC-013737,ACC-017525,561.87,INR,payment,completed,true,0.89603,"{""synthetic_pattern"": true, ""pattern_family"": ""fin""}",true,SYNTHETIC,,,MEDIUM,SCN-FIN-1591
TXN-00042899,2025-06-19T03:38:40,ACC-013737,ACC-017525,2139.56,INR,payment,completed,true,0.951203,"{""synthetic_pattern"": true, ""pattern_family"": ""fin""}",true,SYNTHETIC,,,MEDIUM,SCN-FIN-1591
TXN-00043399,2024-06-15T20:42:31,ACC-013737,ACC-017525,5236.49,INR,payment,completed,true,0.983135,"{""synthetic_pattern"": true, ""pattern_family"": ""fin""}",true,SYNTHETIC,,,MEDIUM,SCN-FIN-1591
TXN-00043899,2025-10-19T00:32:36,ACC-013737,ACC-017525,621.74,INR,withdrawal,completed,true,0.93573,"{""synthetic_pattern"": true, ""pattern_family"": ""fin""}",true,SYNTHETIC,,,MEDIUM,SCN-FIN-1591
TXN-00044399,2024-01-06T18:03:55,ACC-013737,ACC-017525,207.21,INR,payment,completed,true,0.901157,"{""synthetic_pattern"": true, ""pattern_family"": ""fin""}",true,SYNTHETIC,,,MEDIUM,SCN-FIN-1591
TXN-00044899,2024-01-13T01:43:56,ACC-013737,ACC-017525,836.25,INR,transfer,pending,true,0.871454,"{""synthetic_pattern"": true, ""pattern_family"": ""fin""}",true,SYNTHETIC,,,MEDIUM,SCN-FIN-1591
TXN-00045399,2025-04-29T14:38:07,ACC-013737,ACC-017525,447.87,INR,transfer,completed,true,0.986899,"{""synthetic_pattern"": true, ""pattern_family"": ""fin""}",true,SYNTHETIC,,,MEDIUM,SCN-FIN-1591
TXN-00045899,2025-03-18T05:59:15,ACC-013737,ACC-017525,957.39,INR,deposit,pending,true,0.949947,"{""synthetic_pattern"": true, ""pattern_family"": ""fin""}",true,SYNTHETIC,,,MEDIUM,SCN-FIN-1591
TXN-00046399,2024-06-30T05:42:28,ACC-013737,ACC-017525,37447.91,INR,transfer,completed,true,0.952452,"{""synthetic_pattern"": true, ""pattern_family"": ""fin""}",true,SYNTHETIC,,,MEDIUM,SCN-FIN-1591
TXN-00046899,2024-11-22T01:52:54,ACC-013737,ACC-017525,1213.85,INR,payment,completed,true,0.843774,"{""synthetic_pattern"": true, ""pattern_family"": ""fin""}",true,SYNTHETIC,,,MEDIUM,SCN-FIN-1591
TXN-00047399,2024-09-04T11:19:50,ACC-013737,ACC-017525,1619.91,INR,withdrawal,completed,true,0.853207,"{""synthetic_pattern"": true, ""pattern_family"": ""fin""}",true,SYNTHETIC,,,MEDIUM,SCN-FIN-1591
TXN-00047899,2024-03-22T17:59:48,ACC-013737,ACC-017525,1448.62,INR,deposit,completed,true,0.986537,"{""synthetic_pattern"": true, ""pattern_family"": ""fin""}",true,SYNTHETIC,,,MEDIUM,SCN-FIN-1591
TXN-00048399,2024-04-27T12:17:34,ACC-013737,ACC-017525,307.38,INR,payment,pending,true,0.842045,"{""synthetic_pattern"": true, ""pattern_family"": ""fin""}",true,SYNTHETIC,,,MEDIUM,SCN-FIN-1591
TXN-00048899,2024-03-11T09:16:32,ACC-013737,ACC-017525,664.13,INR,transfer,completed,true,0.971879,"{""synthetic_pattern"": true, ""pattern_family"": ""fin""}",true,SYNTHETIC,,,MEDIUM,SCN-FIN-1591
TXN-00049399,2025-09-05T16:23:21,ACC-013737,ACC-017525,881.04,INR,payment,completed,false,0.811585,"{""synthetic_pattern"": true, ""pattern_family"": ""fin""}",true,SYNTHETIC,,,MEDIUM,SCN-FIN-1591
TXN-00049899,2025-05-11T12:04:26,ACC-013737,ACC-017525,1140.49,INR,withdrawal,completed,true,0.982002,"{""synthetic_pattern"": true, ""pattern_family"": ""fin""}",true,SYNTHETIC,,,MEDIUM,SCN-FIN-1591
TXN-00050399,2025-09-26T17:35:31,ACC-013737,ACC-017525,1527.89,INR,withdrawal,completed,true,0.976454,"{""synthetic_pattern"": true, ""pattern_family"": ""fin""}",true,SYNTHETIC,,,MEDIUM,SCN-FIN-1591
TXN-00050899,2025-11-14T07:06:43,ACC-013737,ACC-017525,1256.84,INR,transfer,completed,true,0.840561,"{""synthetic_pattern"": true, ""pattern_family"": ""fin""}",true,SYNTHETIC,,,MEDIUM,SCN-FIN-1591
TXN-00051399,2025-01-15T02:15:14,ACC-013737,ACC-017525,3826.17,INR,transfer,pending,true,0.925925,"{""synthetic_pattern"": true, ""pattern_family"": ""fin""}",true,SYNTHETIC,,,MEDIUM,SCN-FIN-1591
TXN-00051899,2025-09-02T21:44:38,ACC-013737,ACC-017525,10626.96,INR,transfer,completed,true,0.861853,"{""synthetic_pattern"": true, ""pattern_family"": ""fin""}",true,SYNTHETIC,,,MEDIUM,SCN-FIN-1591
TXN-00052399,2025-03-19T07:54:11,ACC-013737,ACC-017525,1590.92,INR,deposit,completed,true,0.928849,"{""synthetic_pattern"": true, ""pattern_family"": ""fin""}",true,SYNTHETIC,,,MEDIUM,SCN-FIN-1591
TXN-00052899,2024-08-21T02:29:58,ACC-013737,ACC-017525,781.07,INR,transfer,completed,true,0.838699,"{""synthetic_pattern"": true, ""pattern_family"": ""fin""}",true,SYNTHETIC,,,MEDIUM,SCN-FIN-1591
TXN-00053399,2024-02-11T11:29:49,ACC-013737,ACC-017525,3593.06,INR,transfer,completed,true,0.839562,"{""synthetic_pattern"": true, ""pattern_family"": ""fin""}",true,SYNTHETIC,,,MEDIUM,SCN-FIN-1591
TXN-00053899,2024-03-23T03:43:22,ACC-013737,ACC-017525,1000.55,INR,deposit,completed,true,0.972739,"{""synthetic_pattern"": true, ""pattern_family"": ""fin""}",true,SYNTHETIC,,,MEDIUM,SCN-FIN-1591
TXN-00054399,2024-09-01T17:10:46,ACC-013737,ACC-017525,1208.09,INR,deposit,completed,true,0.849447,"{""synthetic_pattern"": true, ""pattern_family"": ""fin""}",true,SYNTHETIC,,,MEDIUM,SCN-FIN-1591
TXN-00054899,2024-11-07T09:16:46,ACC-013737,ACC-017525,2463.74,INR,transfer,completed,true,0.943947,"{""synthetic_pattern"": true, ""pattern_family"": ""fin""}",true,SYNTHETIC,,,MEDIUM,SCN-FIN-1591
TXN-00055399,2025-09-09T21:53:38,ACC-013737,ACC-017525,4156.75,INR,deposit,completed,true,0.923929,"{""synthetic_pattern"": true, ""pattern_family"": ""fin""}",true,SYNTHETIC,,,MEDIUM,SCN-FIN-1591
TXN-00055899,2024-05-13T18:12:32,ACC-013737,ACC-017525,1069.24,INR,deposit,completed,true,0.874294,"{""synthetic_pattern"": true, ""pattern_family"": ""fin""}",true,SYNTHETIC,,,MEDIUM,SCN-FIN-1591
TXN-00056399,2024-10-02T09:18:07,ACC-013737,ACC-017525,597.16,INR,withdrawal,completed,true,0.843841,"{""synthetic_pattern"": true, ""pattern_family"": ""fin""}",true,SYNTHETIC,,,MEDIUM,SCN-FIN-1591
TXN-00056899,2025-12-30T06:44:08,ACC-013737,ACC-017525,1064.56,INR,payment,pending,true,0.914257,"{""synthetic_pattern"": true, ""pattern_family"": ""fin""}",true,SYNTHETIC,,,MEDIUM,SCN-FIN-1591
TXN-00057399,2024-12-02T21:23:57,ACC-013737,ACC-017525,1061.31,INR,withdrawal,pending,true,0.941177,"{""synthetic_pattern"": true, ""pattern_family"": ""fin""}",true,SYNTHETIC,,,MEDIUM,SCN-FIN-1591
TXN-00057899,2024-12-12T22:08:04,ACC-013737,ACC-017525,1044.14,INR,payment,completed,true,0.826046,"{""synthetic_pattern"": true, ""pattern_family"": ""fin""}",true,SYNTHETIC,,,MEDIUM,SCN-FIN-1591
TXN-00058399,2024-04-13T05:39:29,ACC-013737,ACC-017525,347.9,INR,deposit,completed,true,0.944347,"{""synthetic_pattern"": true, ""pattern_family"": ""fin""}",true,SYNTHETIC,,,MEDIUM,SCN-FIN-1591
TXN-00058899,2025-09-07T03:33:12,ACC-013737,ACC-017525,917.58,INR,transfer,completed,true,0.98811,"{""synthetic_pattern"": true, ""pattern_family"": ""fin""}",true,SYNTHETIC,,,MEDIUM,SCN-FIN-1591
TXN-00059399,2024-11-18T08:49:35,ACC-013737,ACC-017525,1147.94,INR,transfer,completed,true,0.914248,"{""synthetic_pattern"": true, ""pattern_family"": ""fin""}",true,SYNTHETIC,,,MEDIUM,SCN-FIN-1591
TXN-00059899,2025-06-10T11:25:26,ACC-013737,ACC-017525,836.15,INR,transfer,completed,false,0.812179,"{""synthetic_pattern"": true, ""pattern_family"": ""fin""}",true,SYNTHETIC,,,MEDIUM,SCN-FIN-1591
TXN-00060399,2024-09-12T06:48:23,ACC-013737,ACC-017525,1288.66,INR,transfer,completed,true,0.838633,"{""synthetic_pattern"": true, ""pattern_family"": ""fin""}",true,SYNTHETIC,,,MEDIUM,SCN-FIN-1591
TXN-00060899,2025-12-02T01:39:53,ACC-013737,ACC-017525,2656.36,INR,transfer,completed,true,0.945949,"{""synthetic_pattern"": true, ""pattern_family"": ""fin""}",true,SYNTHETIC,,,MEDIUM,SCN-FIN-1591
TXN-00061399,2025-04-12T22:16:28,ACC-013737,ACC-017525,2376.34,INR,payment,completed,true,0.969686,"{""synthetic_pattern"": true, ""pattern_family"": ""fin""}",true,SYNTHETIC,,,MEDIUM,SCN-FIN-1591
TXN-00061899,2024-12-11T13:57:50,ACC-013737,ACC-017525,3364.56,INR,withdrawal,completed,true,0.887301,"{""synthetic_pattern"": true, ""pattern_family"": ""fin""}",true,SYNTHETIC,,,MEDIUM,SCN-FIN-1591
TXN-00062399,2024-10-02T00:21:02,ACC-013737,ACC-017525,1233.7,INR,payment,completed,true,0.843852,"{""synthetic_pattern"": true, ""pattern_family"": ""fin""}",true,SYNTHETIC,,,MEDIUM,SCN-FIN-1591
TXN-00062899,2024-07-16T23:17:24,ACC-013737,ACC-017525,1695.76,INR,payment,pending,false,0.811512,"{""synthetic_pattern"": true, ""pattern_family"": ""fin""}",true,SYNTHETIC,,,MEDIUM,SCN-FIN-1591
TXN-00063399,2025-11-09T00:48:24,ACC-013737,ACC-017525,1225.54,INR,transfer,pending,true,0.868045,"{""synthetic_pattern"": true, ""pattern_family"": ""fin""}",true,SYNTHETIC,,,MEDIUM,SCN-FIN-1591
TXN-00063899,2025-02-07T01:39:47,ACC-013737,ACC-017525,5217.89,INR,deposit,completed,false,0.800341,"{""synthetic_pattern"": true, ""pattern_family"": ""fin""}",true,SYNTHETIC,,,MEDIUM,SCN-FIN-1591
TXN-00064399,2024-09-06T21:51:44,ACC-013737,ACC-017525,1553.43,INR,payment,completed,true,0.83393,"{""synthetic_pattern"": true, ""pattern_family"": ""fin""}",true,SYNTHETIC,,,MEDIUM,SCN-FIN-1591
TXN-00064899,2024-07-04T15:58:15,ACC-013737,ACC-017525,4330.37,INR,deposit,pending,true,0.829529,"{""synthetic_pattern"": true, ""pattern_family"": ""fin""}",true,SYNTHETIC,,,MEDIUM,SCN-FIN-1591
TXN-00065399,2024-06-25T07:23:22,ACC-013737,ACC-017525,2981.83,INR,payment,completed,true,0.837258,"{""synthetic_pattern"": true, ""pattern_family"": ""fin""}",true,SYNTHETIC,,,MEDIUM,SCN-FIN-1591
TXN-00065899,2024-09-24T03:01:14,ACC-013737,ACC-017525,1161.36,INR,transfer,completed,true,0.830302,"{""synthetic_pattern"": true, ""pattern_family"": ""fin""}",true,SYNTHETIC,,,MEDIUM,SCN-FIN-1591
TXN-00066399,2025-10-27T12:09:13,ACC-013737,ACC-017525,2315.34,INR,payment,pending,true,0.951116,"{""synthetic_pattern"": true, ""pattern_family"": ""fin""}",true,SYNTHETIC,,,MEDIUM,SCN-FIN-1591
TXN-00066899,2024-11-09T12:09:51,ACC-013737,ACC-017525,3117.51,INR,payment,completed,true,0.930372,"{""synthetic_pattern"": true, ""pattern_family"": ""fin""}",true,SYNTHETIC,,,MEDIUM,SCN-FIN-1591
TXN-00067399,2024-05-03T06:41:46,ACC-013737,ACC-017525,322.04,INR,transfer,completed,true,0.862834,"{""synthetic_pattern"": true, ""pattern_family"": ""fin""}",true,SYNTHETIC,,,MEDIUM,SCN-FIN-1591
TXN-00067899,2025-02-22T12:51:52,ACC-013737,ACC-017525,6330.47,INR,deposit,completed,true,0.984864,"{""synthetic_pattern"": true, ""pattern_family"": ""fin""}",true,SYNTHETIC,,,MEDIUM,SCN-FIN-1591
TXN-00068399,2025-08-27T21:26:21,ACC-013737,ACC-017525,338.4,INR,deposit,completed,true,0.961928,"{""synthetic_pattern"": true, ""pattern_family"": ""fin""}",true,SYNTHETIC,,,MEDIUM,SCN-FIN-1591
TXN-00068899,2024-12-21T07:00:52,ACC-013737,ACC-017525,2377.59,INR,transfer,pending,true,0.860115,"{""synthetic_pattern"": true, ""pattern_family"": ""fin""}",true,SYNTHETIC,,,MEDIUM,SCN-FIN-1591
TXN-00069399,2025-04-30T11:23:47,ACC-013737,ACC-017525,626.77,INR,payment,pending,true,0.839464,"{""synthetic_pattern"": true, ""pattern_family"": ""fin""}",true,SYNTHETIC,,,MEDIUM,SCN-FIN-1591
TXN-00069899,2024-02-12T20:38:14,ACC-013737,ACC-017525,1701.35,INR,payment,completed,true,0.989853,"{""synthetic_pattern"": true, ""pattern_family"": ""fin""}",true,SYNTHETIC,,,MEDIUM,SCN-FIN-1591
TXN-00070399,2024-03-18T20:16:26,ACC-013737,ACC-017525,8423.01,INR,payment,pending,true,0.894767,"{""synthetic_pattern"": true, ""pattern_family"": ""fin""}",true,SYNTHETIC,,,MEDIUM,SCN-FIN-1591
TXN-00070899,2025-06-27T12:04:08,ACC-013737,ACC-017525,1122.6,INR,deposit,completed,true,0.978256,"{""synthetic_pattern"": true, ""pattern_family"": ""fin""}",true,SYNTHETIC,,,MEDIUM,SCN-FIN-1591
TXN-00071399,2025-11-02T08:19:06,ACC-013737,ACC-017525,475.38,INR,payment,completed,false,0.807697,"{""synthetic_pattern"": true, ""pattern_family"": ""fin""}",true,SYNTHETIC,,,MEDIUM,SCN-FIN-1591
TXN-00071899,2025-09-15T06:27:09,ACC-013737,ACC-017525,2587.12,INR,deposit,completed,true,0.952708,"{""synthetic_pattern"": true, ""pattern_family"": ""fin""}",true,SYNTHETIC,,,MEDIUM,SCN-FIN-1591
TXN-00072399,2025-02-06T10:19:23,ACC-013737,ACC-017525,3010.94,INR,deposit,pending,true,0.872373,"{""synthetic_pattern"": true, ""pattern_family"": ""fin""}",true,SYNTHETIC,,,MEDIUM,SCN-FIN-1591
TXN-00072899,2024-02-25T20:28:30,ACC-013737,ACC-017525,1204.75,INR,transfer,completed,true,0.857543,"{""synthetic_pattern"": true, ""pattern_family"": ""fin""}",true,SYNTHETIC,,,MEDIUM,SCN-FIN-1591
TXN-00073399,2024-12-05T22:16:41,ACC-013737,ACC-017525,11898.89,INR,withdrawal,completed,true,0.947311,"{""synthetic_pattern"": true, ""pattern_family"": ""fin""}",true,SYNTHETIC,,,MEDIUM,SCN-FIN-1591
TXN-00073899,2024-04-05T06:32:40,ACC-013737,ACC-017525,145.08,INR,transfer,pending,true,0.970425,"{""synthetic_pattern"": true, ""pattern_family"": ""fin""}",true,SYNTHETIC,,,MEDIUM,SCN-FIN-1591
TXN-00074399,2025-04-04T03:27:15,ACC-013737,ACC-017525,2568.07,INR,deposit,completed,true,0.864987,"{""synthetic_pattern"": true, ""pattern_family"": ""fin""}",true,SYNTHETIC,,,MEDIUM,SCN-FIN-1591
TXN-00074899,2024-07-17T02:41:41,ACC-013737,ACC-017525,639.92,INR,withdrawal,pending,true,0.863562,"{""synthetic_pattern"": true, ""pattern_family"": ""fin""}",true,SYNTHETIC,,,MEDIUM,SCN-FIN-1591
TXN-00075399,2025-10-12T22:57:33,ACC-013737,ACC-017525,594.07,INR,deposit,completed,false,0.809867,"{""synthetic_pattern"": true, ""pattern_family"": ""fin""}",true,SYNTHETIC,,,MEDIUM,SCN-FIN-1591
TXN-00075899,2025-04-17T09:48:19,ACC-013737,ACC-017525,2442.99,INR,payment,completed,true,0.965865,"{""synthetic_pattern"": true, ""pattern_family"": ""fin""}",true,SYNTHETIC,,,MEDIUM,SCN-FIN-1591
TXN-00076399,2024-04-24T21:48:40,ACC-013737,ACC-017525,1786.92,INR,deposit,completed,true,0.883382,"{""synthetic_pattern"": true, ""pattern_family"": ""fin""}",true,SYNTHETIC,,,MEDIUM,SCN-FIN-1591
TXN-00076899,2025-03-07T03:19:01,ACC-013737,ACC-017525,4120.18,INR,withdrawal,pending,true,0.82793,"{""synthetic_pattern"": true, ""pattern_family"": ""fin""}",true,SYNTHETIC,,,MEDIUM,SCN-FIN-1591
TXN-00077399,2024-11-26T22:47:54,ACC-013737,ACC-017525,4136.1,INR,withdrawal,pending,false,0.809212,"{""synthetic_pattern"": true, ""pattern_family"": ""fin""}",true,SYNTHETIC,,,MEDIUM,SCN-FIN-1591
TXN-00077899,2024-12-17T14:46:23,ACC-013737,ACC-017525,609.6,INR,payment,pending,true,0.925089,"{""synthetic_pattern"": true, ""pattern_family"": ""fin""}",true,SYNTHETIC,,,MEDIUM,SCN-FIN-1591
TXN-00078399,2025-12-06T02:30:38,ACC-013737,ACC-017525,1030.97,INR,deposit,completed,false,0.818264,"{""synthetic_pattern"": true, ""pattern_family"": ""fin""}",true,SYNTHETIC,,,MEDIUM,SCN-FIN-1591
TXN-00078899,2025-08-15T21:45:34,ACC-013737,ACC-017525,554.89,INR,withdrawal,completed,true,0.965677,"{""synthetic_pattern"": true, ""pattern_family"": ""fin""}",true,SYNTHETIC,,,MEDIUM,SCN-FIN-1591
TXN-00079399,2025-04-03T17:35:21,ACC-013737,ACC-017525,613.71,INR,transfer,completed,false,0.818167,"{""synthetic_pattern"": true, ""pattern_family"": ""fin""}",true,SYNTHETIC,,,MEDIUM,SCN-FIN-1591
TXN-00079899,2024-06-05T03:19:44,ACC-013737,ACC-017525,593.52,INR,transfer,pending,true,0.908605,"{""synthetic_pattern"": true, ""pattern_family"": ""fin""}",true,SYNTHETIC,,,MEDIUM,SCN-FIN-1591
TXN-00080399,2025-08-27T13:16:29,ACC-013737,ACC-017525,299.22,INR,deposit,completed,true,0.844286,"{""synthetic_pattern"": true, ""pattern_family"": ""fin""}",true,SYNTHETIC,,,MEDIUM,SCN-FIN-1591
TXN-00080899,2024-10-04T14:18:05,ACC-013737,ACC-017525,3892.1,INR,withdrawal,completed,true,0.920349,"{""synthetic_pattern"": true, ""pattern_family"": ""fin""}",true,SYNTHETIC,,,MEDIUM,SCN-FIN-1591
TXN-00081399,2024-11-26T16:31:05,ACC-013737,ACC-017525,1008.21,INR,deposit,pending,true,0.889951,"{""synthetic_pattern"": true, ""pattern_family"": ""fin""}",true,SYNTHETIC,,,MEDIUM,SCN-FIN-1591
TXN-00081899,2024-06-22T10:30:34,ACC-013737,ACC-017525,730.25,INR,withdrawal,completed,true,0.860061,"{""synthetic_pattern"": true, ""pattern_family"": ""fin""}",true,SYNTHETIC,,,MEDIUM,SCN-FIN-1591
TXN-00082399,2025-05-19T01:42:11,ACC-013737,ACC-017525,320.5,INR,withdrawal,completed,true,0.925777,"{""synthetic_pattern"": true, ""pattern_family"": ""fin""}",true,SYNTHETIC,,,MEDIUM,SCN-FIN-1591
TXN-00082899,2024-04-06T04:32:28,ACC-013737,ACC-017525,1458.93,INR,withdrawal,pending,true,0.89996,"{""synthetic_pattern"": true, ""pattern_family"": ""fin""}",true,SYNTHETIC,,,MEDIUM,SCN-FIN-1591
TXN-00083399,2025-08-13T02:03:12,ACC-013737,ACC-017525,18289.77,INR,deposit,completed,true,0.843104,"{""synthetic_pattern"": true, ""pattern_family"": ""fin""}",true,SYNTHETIC,,,MEDIUM,SCN-FIN-1591
TXN-00083899,2024-03-10T19:34:52,ACC-013737,ACC-017525,765.2,INR,payment,completed,true,0.911898,"{""synthetic_pattern"": true, ""pattern_family"": ""fin""}",true,SYNTHETIC,,,MEDIUM,SCN-FIN-1591
TXN-00084399,2025-11-25T01:32:44,ACC-013737,ACC-017525,9458.99,INR,withdrawal,completed,true,0.88911,"{""synthetic_pattern"": true, ""pattern_family"": ""fin""}",true,SYNTHETIC,,,MEDIUM,SCN-FIN-1591
TXN-00084899,2025-06-27T01:36:41,ACC-013737,ACC-017525,308.48,INR,payment,completed,true,0.83196,"{""synthetic_pattern"": true, ""pattern_family"": ""fin""}",true,SYNTHETIC,,,MEDIUM,SCN-FIN-1591
TXN-00085399,2025-10-24T03:45:06,ACC-013737,ACC-017525,553.34,INR,transfer,completed,true,0.972092,"{""synthetic_pattern"": true, ""pattern_family"": ""fin""}",true,SYNTHETIC,,,MEDIUM,SCN-FIN-1591
TXN-00085899,2025-12-03T11:26:10,ACC-013737,ACC-017525,6686.61,INR,payment,completed,true,0.928253,"{""synthetic_pattern"": true, ""pattern_family"": ""fin""}",true,SYNTHETIC,,,MEDIUM,SCN-FIN-1591
TXN-00086399,2025-02-20T01:15:03,ACC-013737,ACC-017525,859.16,INR,payment,completed,true,0.957009,"{""synthetic_pattern"": true, ""pattern_family"": ""fin""}",true,SYNTHETIC,,,MEDIUM,SCN-FIN-1591
TXN-00086899,2025-08-23T12:15:47,ACC-013737,ACC-017525,5777.58,INR,transfer,pending,true,0.902832,"{""synthetic_pattern"": true, ""pattern_family"": ""fin""}",true,SYNTHETIC,,,MEDIUM,SCN-FIN-1591
TXN-00087399,2025-04-27T07:10:38,ACC-013737,ACC-017525,1524.11,INR,transfer,completed,true,0.896133,"{""synthetic_pattern"": true, ""pattern_family"": ""fin""}",true,SYNTHETIC,,,MEDIUM,SCN-FIN-1591
TXN-00087899,2025-11-12T08:50:59,ACC-013737,ACC-017525,4254.3,INR,payment,pending,true,0.940275,"{""synthetic_pattern"": true, ""pattern_family"": ""fin""}",true,SYNTHETIC,,,MEDIUM,SCN-FIN-1591
TXN-00088399,2024-08-04T08:49:47,ACC-013737,ACC-017525,2608.83,INR,transfer,completed,false,0.800645,"{""synthetic_pattern"": true, ""pattern_family"": ""fin""}",true,SYNTHETIC,,,MEDIUM,SCN-FIN-1591
TXN-00088899,2025-11-23T20:56:41,ACC-013737,ACC-017525,2537.59,INR,withdrawal,completed,true,0.847581,"{""synthetic_pattern"": true, ""pattern_family"": ""fin""}",true,SYNTHETIC,,,MEDIUM,SCN-FIN-1591
TXN-00089399,2025-11-03T06:28:13,ACC-013737,ACC-017525,773.65,INR,deposit,completed,true,0.937718,"{""synthetic_pattern"": true, ""pattern_family"": ""fin""}",true,SYNTHETIC,,,MEDIUM,SCN-FIN-1591
TXN-00089899,2024-08-26T10:09:40,ACC-013737,ACC-017525,1873.16,INR,withdrawal,completed,true,0.919044,"{""synthetic_pattern"": true, ""pattern_family"": ""fin""}",true,SYNTHETIC,,,MEDIUM,SCN-FIN-1591
TXN-00090399,2024-06-29T03:52:48,ACC-013737,ACC-017525,393.59,INR,deposit,completed,true,0.974483,"{""synthetic_pattern"": true, ""pattern_family"": ""fin""}",true,SYNTHETIC,,,MEDIUM,SCN-FIN-1591
TXN-00090899,2024-02-17T14:44:16,ACC-013737,ACC-017525,9605.02,INR,deposit,completed,true,0.94313,"{""synthetic_pattern"": true, ""pattern_family"": ""fin""}",true,SYNTHETIC,,,MEDIUM,SCN-FIN-1591
TXN-00091399,2025-03-23T14:34:34,ACC-013737,ACC-017525,613.02,INR,transfer,completed,true,0.834629,"{""synthetic_pattern"": true, ""pattern_family"": ""fin""}",true,SYNTHETIC,,,MEDIUM,SCN-FIN-1591
TXN-00091899,2025-01-30T12:41:08,ACC-013737,ACC-017525,1302.72,INR,payment,completed,true,0.886608,"{""synthetic_pattern"": true, ""pattern_family"": ""fin""}",true,SYNTHETIC,,,MEDIUM,SCN-FIN-1591
TXN-00092399,2024-12-05T09:12:51,ACC-013737,ACC-017525,279.28,INR,payment,pending,true,0.909535,"{""synthetic_pattern"": true, ""pattern_family"": ""fin""}",true,SYNTHETIC,,,MEDIUM,SCN-FIN-1591
TXN-00092899,2024-01-26T22:59:28,ACC-013737,ACC-017525,15840.78,INR,transfer,completed,true,0.864902,"{""synthetic_pattern"": true, ""pattern_family"": ""fin""}",true,SYNTHETIC,,,MEDIUM,SCN-FIN-1591
TXN-00093399,2025-07-19T14:37:20,ACC-013737,ACC-017525,1176.82,INR,payment,pending,true,0.879208,"{""synthetic_pattern"": true, ""pattern_family"": ""fin""}",true,SYNTHETIC,,,MEDIUM,SCN-FIN-1591
TXN-00093899,2025-02-19T14:24:56,ACC-013737,ACC-017525,3735.86,INR,deposit,completed,true,0.92064,"{""synthetic_pattern"": true, ""pattern_family"": ""fin""}",true,SYNTHETIC,,,MEDIUM,SCN-FIN-1591
TXN-00094399,2024-05-06T04:03:56,ACC-013737,ACC-017525,1099.17,INR,deposit,completed,true,0.947311,"{""synthetic_pattern"": true, ""pattern_family"": ""fin""}",true,SYNTHETIC,,,MEDIUM,SCN-FIN-1591
TXN-00094899,2024-01-07T14:20:38,ACC-013737,ACC-017525,278.38,INR,withdrawal,completed,true,0.835037,"{""synthetic_pattern"": true, ""pattern_family"": ""fin""}",true,SYNTHETIC,,,MEDIUM,SCN-FIN-1591
TXN-00095399,2025-08-05T22:29:08,ACC-013737,ACC-017525,957.5,INR,transfer,pending,true,0.825377,"{""synthetic_pattern"": true, ""pattern_family"": ""fin""}",true,SYNTHETIC,,,MEDIUM,SCN-FIN-1591
TXN-00095899,2024-07-21T00:29:25,ACC-013737,ACC-017525,915.55,INR,withdrawal,completed,true,0.954398,"{""synthetic_pattern"": true, ""pattern_family"": ""fin""}",true,SYNTHETIC,,,MEDIUM,SCN-FIN-1591
TXN-00096399,2025-06-26T03:32:17,ACC-013737,ACC-017525,572.22,INR,deposit,completed,true,0.935713,"{""synthetic_pattern"": true, ""pattern_family"": ""fin""}",true,SYNTHETIC,,,MEDIUM,SCN-FIN-1591
TXN-00096899,2024-06-09T00:30:19,ACC-013737,ACC-017525,2248.19,INR,payment,completed,false,0.809807,"{""synthetic_pattern"": true, ""pattern_family"": ""fin""}",true,SYNTHETIC,,,MEDIUM,SCN-FIN-1591
TXN-00097399,2024-12-08T19:39:05,ACC-013737,ACC-017525,418.29,INR,payment,completed,true,0.95519,"{""synthetic_pattern"": true, ""pattern_family"": ""fin""}",true,SYNTHETIC,,,MEDIUM,SCN-FIN-1591
TXN-00097899,2024-05-31T06:05:32,ACC-013737,ACC-017525,1801.25,INR,deposit,pending,true,0.846667,"{""synthetic_pattern"": true, ""pattern_family"": ""fin""}",true,SYNTHETIC,,,MEDIUM,SCN-FIN-1591
TXN-00098399,2024-05-19T00:56:07,ACC-013737,ACC-017525,565.12,INR,deposit,pending,false,0.801792,"{""synthetic_pattern"": true, ""pattern_family"": ""fin""}",true,SYNTHETIC,,,MEDIUM,SCN-FIN-1591
TXN-00098899,2025-07-09T02:12:34,ACC-013737,ACC-017525,3186.0,INR,withdrawal,completed,false,0.803236,"{""synthetic_pattern"": true, ""pattern_family"": ""fin""}",true,SYNTHETIC,,,MEDIUM,SCN-FIN-1591
TXN-00099399,2024-09-12T18:25:34,ACC-013737,ACC-017525,2044.49,INR,payment,pending,true,0.861862,"{""synthetic_pattern"": true, ""pattern_family"": ""fin""}",true,SYNTHETIC,,,MEDIUM,SCN-FIN-1591
TXN-00099899,2025-05-16T20:40:29,ACC-013737,ACC-017525,1157.01,INR,deposit,completed,false,0.814291,"{""synthetic_pattern"": true, ""pattern_family"": ""fin""}",true,SYNTHETIC,,,MEDIUM,SCN-FIN-1591
TXN-00100399,2024-09-04T19:40:58,ACC-013737,ACC-017525,679.32,INR,transfer,completed,true,0.852944,"{""synthetic_pattern"": true, ""pattern_family"": ""fin""}",true,SYNTHETIC,,,MEDIUM,SCN-FIN-1591
TXN-00100899,2024-02-26T00:56:21,ACC-013737,ACC-017525,642.12,INR,payment,completed,true,0.820967,"{""synthetic_pattern"": true, ""pattern_family"": ""fin""}",true,SYNTHETIC,,,MEDIUM,SCN-FIN-1591
TXN-00101399,2024-05-06T10:22:49,ACC-013737,ACC-017525,3305.55,INR,payment,completed,true,0.846013,"{""synthetic_pattern"": true, ""pattern_family"": ""fin""}",true,SYNTHETIC,,,MEDIUM,SCN-FIN-1591
TXN-00101899,2024-03-07T11:33:01,ACC-013737,ACC-017525,87526.89,INR,transfer,pending,true,0.843516,"{""synthetic_pattern"": true, ""pattern_family"": ""fin""}",true,SYNTHETIC,,,MEDIUM,SCN-FIN-1591
TXN-00102399,2024-10-14T22:03:38,ACC-013737,ACC-017525,346.36,INR,deposit,completed,true,0.826316,"{""synthetic_pattern"": true, ""pattern_family"": ""fin""}",true,SYNTHETIC,,,MEDIUM,SCN-FIN-1591
TXN-00102899,2024-03-18T12:29:06,ACC-013737,ACC-017525,981.3,INR,payment,completed,false,0.818611,"{""synthetic_pattern"": true, ""pattern_family"": ""fin""}",true,SYNTHETIC,,,MEDIUM,SCN-FIN-1591
TXN-00103399,2024-06-17T20:14:20,ACC-013737,ACC-017525,10345.89,INR,payment,completed,true,0.894956,"{""synthetic_pattern"": true, ""pattern_family"": ""fin""}",true,SYNTHETIC,,,MEDIUM,SCN-FIN-1591
TXN-00103899,2025-08-13T07:44:16,ACC-013737,ACC-017525,931.85,INR,payment,pending,true,0.87939,"{""synthetic_pattern"": true, ""pattern_family"": ""fin""}",true,SYNTHETIC,,,MEDIUM,SCN-FIN-1591
TXN-00104399,2025-06-17T12:29:25,ACC-013737,ACC-017525,2910.52,INR,payment,completed,true,0.828576,"{""synthetic_pattern"": true, ""pattern_family"": ""fin""}",true,SYNTHETIC,,,MEDIUM,SCN-FIN-1591
TXN-00104899,2024-05-23T22:16:47,ACC-013737,ACC-017525,1170.84,INR,withdrawal,pending,true,0.962277,"{""synthetic_pattern"": true, ""pattern_family"": ""fin""}",true,SYNTHETIC,,,MEDIUM,SCN-FIN-1591
TXN-00105399,2024-04-22T06:22:08,ACC-013737,ACC-017525,2677.9,INR,withdrawal,completed,false,0.806502,"{""synthetic_pattern"": true, ""pattern_family"": ""fin""}",true,SYNTHETIC,,,MEDIUM,SCN-FIN-1591
TXN-00105899,2024-12-12T23:24:07,ACC-013737,ACC-017525,3177.15,INR,payment,pending,true,0.822359,"{""synthetic_pattern"": true, ""pattern_family"": ""fin""}",true,SYNTHETIC,,,MEDIUM,SCN-FIN-1591
TXN-00106399,2025-02-28T20:07:55,ACC-013737,ACC-017525,247.34,INR,transfer,completed,false,0.818781,"{""synthetic_pattern"": true, ""pattern_family"": ""fin""}",true,SYNTHETIC,,,MEDIUM,SCN-FIN-1591
TXN-00106899,2024-02-05T02:24:06,ACC-013737,ACC-017525,2268.3,INR,payment,completed,true,0.948226,"{""synthetic_pattern"": true, ""pattern_family"": ""fin""}",true,SYNTHETIC,,,MEDIUM,SCN-FIN-1591
TXN-00107399,2024-03-04T12:02:56,ACC-013737,ACC-017525,247.01,INR,transfer,completed,true,0.903988,"{""synthetic_pattern"": true, ""pattern_family"": ""fin""}",true,SYNTHETIC,,,MEDIUM,SCN-FIN-1591
TXN-00107899,2025-04-03T23:15:14,ACC-013737,ACC-017525,255.02,INR,transfer,pending,true,0.883802,"{""synthetic_pattern"": true, ""pattern_family"": ""fin""}",true,SYNTHETIC,,,MEDIUM,SCN-FIN-1591
TXN-00108399,2024-09-25T00:57:11,ACC-013737,ACC-017525,395.99,INR,deposit,completed,true,0.980733,"{""synthetic_pattern"": true, ""pattern_family"": ""fin""}",true,SYNTHETIC,,,MEDIUM,SCN-FIN-1591
TXN-00108899,2025-06-24T02:36:05,ACC-013737,ACC-017525,1098.43,INR,transfer,pending,true,0.954964,"{""synthetic_pattern"": true, ""pattern_family"": ""fin""}",true,SYNTHETIC,,,MEDIUM,SCN-FIN-1591
TXN-00109399,2024-12-02T00:18:23,ACC-013737,ACC-017525,561.48,INR,deposit,completed,true,0.974737,"{""synthetic_pattern"": true, ""pattern_family"": ""fin""}",true,SYNTHETIC,,,MEDIUM,SCN-FIN-1591
TXN-00109899,2025-05-27T07:02:01,ACC-013737,ACC-017525,4095.84,INR,payment,completed,true,0.944545,"{""synthetic_pattern"": true, ""pattern_family"": ""fin""}",true,SYNTHETIC,,,MEDIUM,SCN-FIN-1591
TXN-00110399,2024-03-07T00:52:20,ACC-013737,ACC-017525,519.77,INR,payment,pending,true,0.885614,"{""synthetic_pattern"": true, ""pattern_family"": ""fin""}",true,SYNTHETIC,,,MEDIUM,SCN-FIN-1591
TXN-00110899,2025-10-16T20:27:28,ACC-013737,ACC-017525,13878.69,INR,withdrawal,completed,true,0.837581,"{""synthetic_pattern"": true, ""pattern_family"": ""fin""}",true,SYNTHETIC,,,MEDIUM,SCN-FIN-1591
TXN-00111399,2024-07-24T07:50:54,ACC-013737,ACC-017525,835.31,INR,deposit,completed,false,0.805544,"{""synthetic_pattern"": true, ""pattern_family"": ""fin""}",true,SYNTHETIC,,,MEDIUM,SCN-FIN-1591
TXN-00111899,2025-03-02T22:56:34,ACC-013737,ACC-017525,6417.75,INR,transfer,pending,true,0.929316,"{""synthetic_pattern"": true, ""pattern_family"": ""fin""}",true,SYNTHETIC,,,MEDIUM,SCN-FIN-1591
TXN-00112399,2024-03-30T17:44:30,ACC-013737,ACC-017525,1826.73,INR,deposit,completed,true,0.827262,"{""synthetic_pattern"": true, ""pattern_family"": ""fin""}",true,SYNTHETIC,,,MEDIUM,SCN-FIN-1591
TXN-00112899,2024-04-06T16:10:03,ACC-013737,ACC-017525,1248.77,INR,deposit,completed,true,0.953268,"{""synthetic_pattern"": true, ""pattern_family"": ""fin""}",true,SYNTHETIC,,,MEDIUM,SCN-FIN-1591
TXN-00113399,2024-05-05T03:04:45,ACC-013737,ACC-017525,109.34,INR,deposit,pending,false,0.801183,"{""synthetic_pattern"": true, ""pattern_family"": ""fin""}",true,SYNTHETIC,,,MEDIUM,SCN-FIN-1591
TXN-00113899,2025-08-01T04:19:54,ACC-013737,ACC-017525,139.83,INR,transfer,pending,true,0.931708,"{""synthetic_pattern"": true, ""pattern_family"": ""fin""}",true,SYNTHETIC,,,MEDIUM,SCN-FIN-1591
TXN-00114399,2024-04-20T04:34:28,ACC-013737,ACC-017525,1709.63,INR,deposit,pending,true,0.955545,"{""synthetic_pattern"": true, ""pattern_family"": ""fin""}",true,SYNTHETIC,,,MEDIUM,SCN-FIN-1591
TXN-00114899,2024-05-16T13:32:38,ACC-013737,ACC-017525,165.31,INR,deposit,completed,true,0.934549,"{""synthetic_pattern"": true, ""pattern_family"": ""fin""}",true,SYNTHETIC,,,MEDIUM,SCN-FIN-1591
TXN-00115399,2024-12-10T02:04:35,ACC-013737,ACC-017525,877.01,INR,deposit,completed,true,0.908106,"{""synthetic_pattern"": true, ""pattern_family"": ""fin""}",true,SYNTHETIC,,,MEDIUM,SCN-FIN-1591
TXN-00115899,2024-05-28T12:24:30,ACC-013737,ACC-017525,945.71,INR,transfer,completed,true,0.859262,"{""synthetic_pattern"": true, ""pattern_family"": ""fin""}",true,SYNTHETIC,,,MEDIUM,SCN-FIN-1591
TXN-00116399,2024-06-12T21:31:40,ACC-013737,ACC-017525,1110.58,INR,withdrawal,completed,false,0.802386,"{""synthetic_pattern"": true, ""pattern_family"": ""fin""}",true,SYNTHETIC,,,MEDIUM,SCN-FIN-1591
TXN-00116899,2024-06-09T06:28:16,ACC-013737,ACC-017525,1586.06,INR,payment,pending,true,0.940945,"{""synthetic_pattern"": true, ""pattern_family"": ""fin""}",true,SYNTHETIC,,,MEDIUM,SCN-FIN-1591
TXN-00117399,2024-08-22T09:33:42,ACC-013737,ACC-017525,543.88,INR,payment,completed,true,0.88374,"{""synthetic_pattern"": true, ""pattern_family"": ""fin""}",true,SYNTHETIC,,,MEDIUM,SCN-FIN-1591
TXN-00117899,2024-10-02T12:57:19,ACC-013737,ACC-017525,3432.75,INR,withdrawal,completed,true,0.855582,"{""synthetic_pattern"": true, ""pattern_family"": ""fin""}",true,SYNTHETIC,,,MEDIUM,SCN-FIN-1591
TXN-00118399,2025-01-23T02:54:44,ACC-013737,ACC-017525,1131.91,INR,withdrawal,completed,true,0.941586,"{""synthetic_pattern"": true, ""pattern_family"": ""fin""}",true,SYNTHETIC,,,MEDIUM,SCN-FIN-1591
TXN-00118899,2025-08-07T19:58:55,ACC-013737,ACC-017525,570.6,INR,withdrawal,completed,true,0.884547,"{""synthetic_pattern"": true, ""pattern_family"": ""fin""}",true,SYNTHETIC,,,MEDIUM,SCN-FIN-1591
TXN-00119399,2024-07-29T22:41:29,ACC-013737,ACC-017525,1034.77,INR,transfer,pending,true,0.989713,"{""synthetic_pattern"": true, ""pattern_family"": ""fin""}",true,SYNTHETIC,,,MEDIUM,SCN-FIN-1591
TXN-00119899,2024-12-23T12:44:03,ACC-013737,ACC-017525,406.04,INR,payment,completed,true,0.984165,"{""synthetic_pattern"": true, ""pattern_family"": ""fin""}",true,SYNTHETIC,,,MEDIUM,SCN-FIN-1591
