vehicle_id,vehicle_type,registration_number,make_model,synthetic_flag,data_origin,source_dataset,source_record_reference,confidence,scenario_id
VEH-000295,motorcycle,SYN-0000295,Model-B,true,SYNTHETIC,,,MEDIUM,
VEH-000311,car,SYN-0000311,Model-D,true,SYNTHETIC,,,MEDIUM,
VEH-000456,car,SYN-0000456,Model-C,true,SYNTHETIC,,,MEDIUM,
VEH-000697,bus,SYN-0000697,Model-B,true,SYNTHETIC,,,MEDIUM,
VEH-000761,motorcycle,SYN-0000761,Model-C,true,SYNTHETIC,,,MEDIUM,
VEH-000921,truck,SYN-0000921,Model-C,true,SYNTHETIC,,,MEDIUM,
VEH-000944,van,SYN-0000944,Model-D,true,SYNTHETIC,,,MEDIUM,
VEH-001212,bus,SYN-0001212,Model-D,true,SYNTHETIC,,,MEDIUM,
VEH-001219,van,SYN-0001219,Model-D,true,SYNTHETIC,,,MEDIUM,
VEH-001350,truck,SYN-0001350,Model-A,true,SYNTHETIC,,,MEDIUM,
VEH-001430,van,SYN-0001430,Model-B,true,SYNTHETIC,,,MEDIUM,
VEH-001604,bus,SYN-0001604,Model-C,true,SYNTHETIC,,,MEDIUM,
VEH-001720,bus,SYN-0001720,Model-B,true,SYNTHETIC,,,MEDIUM,
VEH-002223,bus,SYN-0002223,Model-C,true,SYNTHETIC,,,MEDIUM,
VEH-002239,truck,SYN-0002239,Model-A,true,SYNTHETIC,,,MEDIUM,
VEH-002304,bus,SYN-0002304,Model-B,true,SYNTHETIC,,,MEDIUM,
VEH-002324,van,SYN-0002324,Model-A,true,SYNTHETIC,,,MEDIUM,
VEH-002486,truck,SYN-0002486,Model-C,true,SYNTHETIC,,,MEDIUM,
VEH-003233,truck,SYN-0003233,Model-A,true,SYNTHETIC,,,MEDIUM,
VEH-003234,motorcycle,SYN-0003234,Model-A,true,SYNTHETIC,,,MEDIUM,
VEH-003235,motorcycle,SYN-0003235,Model-A,true,SYNTHETIC,,,MEDIUM,
VEH-003394,bus,SYN-0003394,Model-D,true,SYNTHETIC,,,MEDIUM,
VEH-003795,motorcycle,SYN-0003795,Model-D,true,SYNTHETIC,,,MEDIUM,
VEH-003950,motorcycle,SYN-0003950,Model-D,true,SYNTHETIC,,,MEDIUM,
VEH-003958,van,SYN-0003958,Model-B,true,SYNTHETIC,,,MEDIUM,
VEH-004077,motorcycle,SYN-0004077,Model-D,true,SYNTHETIC,,,MEDIUM,
VEH-004310,truck,SYN-0004310,Model-C,true,SYNTHETIC,,,MEDIUM,
VEH-004374,van,SYN-0004374,Model-A,true,SYNTHETIC,,,MEDIUM,
VEH-004375,truck,SYN-0004375,Model-C,true,SYNTHETIC,,,MEDIUM,
VEH-005096,car,SYN-0005096,Model-D,true,SYNTHETIC,,,MEDIUM,
VEH-005106,motorcycle,SYN-0005106,Model-B,true,SYNTHETIC,,,MEDIUM,
VEH-005423,bus,SYN-0005423,Model-B,true,SYNTHETIC,,,MEDIUM,
VEH-005454,truck,SYN-0005454,Model-A,true,SYNTHETIC,,,MEDIUM,
VEH-005465,car,SYN-0005465,Model-D,true,SYNTHETIC,,,MEDIUM,
VEH-005538,car,SYN-0005538,Model-A,true,SYNTHETIC,,,MEDIUM,
VEH-006443,truck,SYN-0006443,Model-C,true,SYNTHETIC,,,MEDIUM,
VEH-006463,bus,SYN-0006463,Model-A,true,SYNTHETIC,,,MEDIUM,
VEH-006845,bus,SYN-0006845,Model-B,true,SYNTHETIC,,,MEDIUM,
VEH-006869,bus,SYN-0006869,Model-B,true,SYNTHETIC,,,MEDIUM,
VEH-006991,van,SYN-0006991,Model-A,true,SYNTHETIC,,,MEDIUM,
VEH-007236,car,SYN-0007236,Model-C,true,SYNTHETIC,,,MEDIUM,
VEH-007245,bus,SYN-0007245,Model-C,true,SYNTHETIC,,,MEDIUM,
VEH-007589,bus,SYN-0007589,Model-A,true,SYNTHETIC,,,MEDIUM,
VEH-007852,van,SYN-0007852,Model-A,true,SYNTHETIC,,,MEDIUM,
VEH-007857,bus,SYN-0007857,Model-B,true,SYNTHETIC,,,MEDIUM,
VEH-008408,bus,SYN-0008408,Model-D,true,SYNTHETIC,,,MEDIUM,
VEH-008945,car,SYN-0008945,Model-D,true,SYNTHETIC,,,MEDIUM,
VEH-008957,car,SYN-0008957,Model-A,true,SYNTHETIC,,,MEDIUM,
VEH-009355,car,SYN-0009355,Model-D,true,SYNTHETIC,,,MEDIUM,
VEH-009459,bus,SYN-0009459,Model-A,true,SYNTHETIC,,,MEDIUM,
VEH-009628,car,SYN-0009628,Model-B,true,SYNTHETIC,,,MEDIUM,
VEH-009651,bus,SYN-0009651,Model-B,true,SYNTHETIC,,,MEDIUM,
VEH-010131,bus,SYN-0010131,Model-B,true,SYNTHETIC,,,MEDIUM,
VEH-010137,bus,SYN-0010137,Model-A,true,SYNTHETIC,,,MEDIUM,
VEH-010139,van,SYN-0010139,Model-D,true,SYNTHETIC,,,MEDIUM,
VEH-010682,motorcycle,SYN-0010682,Model-D,true,SYNTHETIC,,,MEDIUM,
VEH-010854,van,SYN-0010854,Model-D,true,SYNTHETIC,,,MEDIUM,
VEH-011460,van,SYN-0011460,Model-B,true,SYNTHETIC,,,MEDIUM,
VEH-011667,motorcycle,SYN-0011667,Model-A,true,SYNTHETIC,,,MEDIUM,
VEH-012146,motorcycle,SYN-0012146,Model-B,true,SYNTHETIC,,,MEDIUM,
VEH-012179,van,SYN-0012179,Model-B,true,SYNTHETIC,,,MEDIUM,
VEH-012182,truck,SYN-0012182,Model-C,true,SYNTHETIC,,,MEDIUM,
VEH-012560,truck,SYN-0012560,Model-A,true,SYNTHETIC,,,MEDIUM,
VEH-012683,car,SYN-0012683,Model-C,true,SYNTHETIC,,,MEDIUM,
VEH-013012,car,SYN-0013012,Model-B,true,SYNTHETIC,,,MEDIUM,
VEH-013278,bus,SYN-0013278,Model-B,true,SYNTHETIC,,,MEDIUM,
VEH-013283,motorcycle,SYN-0013283,Model-A,true,SYNTHETIC,,,MEDIUM,
VEH-013447,car,SYN-0013447,Model-A,true,SYNTHETIC,,,MEDIUM,
VEH-013450,motorcycle,SYN-0013450,Model-B,true,SYNTHETIC,,,MEDIUM,
VEH-013494,bus,SYN-0013494,Model-B,true,SYNTHETIC,,,MEDIUM,
VEH-013498,bus,SYN-0013498,Model-B,true,SYNTHETIC,,,MEDIUM,
VEH-013655,car,SYN-0013655,Model-D,true,SYNTHETIC,,,MEDIUM,
VEH-014521,bus,SYN-0014521,Model-A,true,SYNTHETIC,,,MEDIUM,
VEH-014525,car,SYN-0014525,Model-A,true,SYNTHETIC,,,MEDIUM,
