"Algorithm","Hash","Path"
"SHA256","469895289875D48F1515A905E2072BC931574FCCDDC6E1686EB43C485D384010","C:\Users\pawar\OneDrive\Desktop\SIH\TRACEX_PREPARED\accounts.csv"
"SHA256","4CA8077053BFB7576D91D225A386653033C46A3EB54C587EC4A717DEBF21565E","C:\Users\pawar\OneDrive\Desktop\SIH\TRACEX_PREPARED\cases.csv"
"SHA256","C9F8B0D8BF7188B3998454203FBE1E007B29C2F7821119F9ED2A32404A56D2BC","C:\Users\pawar\OneDrive\Desktop\SIH\TRACEX_PREPARED\communication_events.csv"
"SHA256","59FE7089A93100DD1538532C1C83509C626A95C88C064D53571A9397E8688444","C:\Users\pawar\OneDrive\Desktop\SIH\TRACEX_PREPARED\crime_context.csv"
"SHA256","C09A11601B625D4FB97FE9AF0DAE12B68550DB335680BC4E01CA51F286004F26","C:\Users\pawar\OneDrive\Desktop\SIH\TRACEX_PREPARED\devices.csv"
"SHA256","A90AEEE5132AEDB916CBC8CEFA397FE0B906421F0879CB4FD149442F3D5349EA","C:\Users\pawar\OneDrive\Desktop\SIH\TRACEX_PREPARED\documents.csv"
"SHA256","98CBE259B95AE1E4DEBBAB975109048BD2B441D0EE409CABF895E6164AC9C389","C:\Users\pawar\OneDrive\Desktop\SIH\TRACEX_PREPARED\incidents.csv"
"SHA256","09813F7BB5E3DD380F5C8B5A06D4EDCF085FE0E5712376AF9762834F8B5F2FE6","C:\Users\pawar\OneDrive\Desktop\SIH\TRACEX_PREPARED\locations.csv"
"SHA256","4619D80896F21079821EB832ACD20EAAF08F3E758A85F936C3F6B74BFB665CF8","C:\Users\pawar\OneDrive\Desktop\SIH\TRACEX_PREPARED\network_events.csv"
"SHA256","6FF2CB93E0BCBFBEE8318AF02B47B1A6122FC120366A1368BC7F13116E318FAB","C:\Users\pawar\OneDrive\Desktop\SIH\TRACEX_PREPARED\organizations.csv"
"SHA256","4C0825C2F2A97ABCA493EF26DB16E01C481B8C9D07174274BD09D359E4811414","C:\Users\pawar\OneDrive\Desktop\SIH\TRACEX_PREPARED\persons.csv"
"SHA256","091DF39A7C3607FDF2DDA0C96BDBF43F64FF491A49FA378CCAB52ADC27F8AB71","C:\Users\pawar\OneDrive\Desktop\SIH\TRACEX_PREPARED\phones.csv"
"SHA256","DAFE7CA15BFB1480D91799AB28DF5CA1A19F34976CCD70DCEF986717E6027D97","C:\Users\pawar\OneDrive\Desktop\SIH\TRACEX_PREPARED\physical_access_events.csv"
"SHA256","A05DFF8A49841F083A22C4C5352FCA91DDBA44D3721E25DC210CC78283B9788D","C:\Users\pawar\OneDrive\Desktop\SIH\TRACEX_PREPARED\relationships.csv"
"SHA256","B08F48F51FFDFD0A8FBC6A9284E1E82AD09948760C9DB0768934B856AC91FF35","C:\Users\pawar\OneDrive\Desktop\SIH\TRACEX_PREPARED\remediation_report.json"
"SHA256","43ABB9687584E56B57ED3BE9AC4789B07E066849C29D58CDE5761132C56B1AED","C:\Users\pawar\OneDrive\Desktop\SIH\TRACEX_PREPARED\transactions.csv"
"SHA256","691B35FEE069258209F889B96C7E991CC25DB920C3969F90DBC232D3D0233D4E","C:\Users\pawar\OneDrive\Desktop\SIH\TRACEX_PREPARED\vehicles.csv"
