communication_id,timestamp,event_type,source_person_id,target_person_id,source_phone_id,target_phone_id,source_device_id,target_device_id,location_id,duration_or_volume,data_origin,source_dataset,source_record_reference,Synthetic_Flag,Source_Dataset,Generation_Batch_ID,Confidence_Level,Provenance_Mode,Audit_Reference
COM-00000001,2025-10-14T00:28:33,data,PER-000102,PER-000105,,,,,LOC-001991,51.23,SYNTHETIC,,,true,,SCN-MIXED-0005,Medium,synthetic-design,AUDIT-communication_events-COM-00000001
COM-00000002,2025-01-15T13:26:18,data,PER-000027,PER-000047,,,,,LOC-002440,24.77,SYNTHETIC,,,true,,SCN-COM-0002,Medium,synthetic-design,AUDIT-communication_events-COM-00000002
COM-00000003,2024-12-13T20:37:12,data,PER-000128,PER-000134,,,,,LOC-003404,188.15,SYNTHETIC,,,true,,SCN-COM-0007,Medium,synthetic-design,AUDIT-communication_events-COM-00000003
COM-00000004,2024-05-11T13:21:27,message,PER-000231,PER-000232,,,,,LOC-008982,7.31,SYNTHETIC,,,true,,SCN-COM-0012,Medium,synthetic-design,AUDIT-communication_events-COM-00000004
COM-00000005,2024-10-14T16:11:20,data,PER-000322,PER-000338,,,,,LOC-006736,69.42,SYNTHETIC,,,true,,SCN-COM-0017,Medium,synthetic-design,AUDIT-communication_events-COM-00000005
COM-00000006,2025-04-09T05:44:35,call,PER-000188,PER-000192,,,,,LOC-004981,57.89,SYNTHETIC,,,true,,SCN-MIXED-0010,Medium,synthetic-design,AUDIT-communication_events-COM-00000006
COM-00000007,2024-09-07T20:56:35,call,PER-000366,PER-000374,,,,,LOC-005338,4.65,SYNTHETIC,,,true,,SCN-COM-0022,Medium,synthetic-design,AUDIT-communication_events-COM-00000007
COM-00000008,2024-01-17T19:52:43,message,PER-000498,PER-000502,,,,,LOC-001940,112.77,SYNTHETIC,,,true,,SCN-COM-0027,Medium,synthetic-design,AUDIT-communication_events-COM-00000008
COM-00000009,2024-02-06T04:49:00,data,PER-000602,PER-000614,,,,,LOC-006549,43.67,SYNTHETIC,,,true,,SCN-COM-0032,Medium,synthetic-design,AUDIT-communication_events-COM-00000009
COM-00000010,2025-08-23T20:19:04,data,PER-000685,PER-000687,,,,,LOC-004724,267.88,SYNTHETIC,,,true,,SCN-COM-0037,Medium,synthetic-design,AUDIT-communication_events-COM-00000010
COM-00000011,2024-06-23T12:45:02,call,PER-000304,PER-000309,,,,,LOC-002381,354.13,SYNTHETIC,,,true,,SCN-MIXED-0015,Medium,synthetic-design,AUDIT-communication_events-COM-00000011
COM-00000012,2024-04-15T13:24:16,message,PER-000777,PER-000779,,,,,LOC-006449,112.33,SYNTHETIC,,,true,,SCN-COM-0042,Medium,synthetic-design,AUDIT-communication_events-COM-00000012
COM-00000013,2024-06-10T13:25:25,message,PER-000848,PER-000860,,,,,LOC-001610,127.35,SYNTHETIC,,,true,,SCN-COM-0047,Medium,synthetic-design,AUDIT-communication_events-COM-00000013
COM-00000014,2024-01-09T23:10:34,call,PER-000926,PER-000939,,,,,LOC-007307,5.29,SYNTHETIC,,,true,,SCN-COM-0052,Medium,synthetic-design,AUDIT-communication_events-COM-00000014
COM-00000015,2025-01-21T19:10:12,call,PER-001025,PER-001028,,,,,LOC-002471,26.93,SYNTHETIC,,,true,,SCN-COM-0057,Medium,synthetic-design,AUDIT-communication_events-COM-00000015
COM-00000016,2024-10-12T01:20:19,data,PER-000349,PER-000355,,,,,LOC-002305,225.17,SYNTHETIC,,,true,,SCN-MIXED-0020,Medium,synthetic-design,AUDIT-communication_events-COM-00000016
COM-00000017,2024-07-18T15:24:58,sms,PER-001110,PER-001114,,,,,LOC-005499,44.16,SYNTHETIC,,,true,,SCN-COM-0062,Medium,synthetic-design,AUDIT-communication_events-COM-00000017
COM-00000018,2024-05-07T05:28:08,call,PER-001154,PER-001157,,,,,LOC-005281,12.96,SYNTHETIC,,,true,,SCN-COM-0067,Medium,synthetic-design,AUDIT-communication_events-COM-00000018
COM-00000019,2024-06-09T03:36:57,call,PER-001226,PER-001227,,,,,LOC-009621,84.36,SYNTHETIC,,,true,,SCN-COM-0072,Medium,synthetic-design,AUDIT-communication_events-COM-00000019
COM-00000020,2024-09-14T10:18:00,sms,PER-001310,PER-001312,,,,,LOC-001083,72.18,SYNTHETIC,,,true,,SCN-COM-0077,Medium,synthetic-design,AUDIT-communication_events-COM-00000020
COM-00000021,2024-04-23T11:34:19,data,PER-000448,PER-000451,,,,,LOC-009919,1,SYNTHETIC,,,true,,SCN-MIXED-0025,Medium,synthetic-design,AUDIT-communication_events-COM-00000021
COM-00000022,2024-10-10T06:55:40,sms,PER-001391,PER-001408,,,,,LOC-003053,3.27,SYNTHETIC,,,true,,SCN-COM-0082,Medium,synthetic-design,AUDIT-communication_events-COM-00000022
COM-00000023,2024-03-26T06:08:36,sms,PER-001482,PER-001483,,,,,LOC-007028,152.84,SYNTHETIC,,,true,,SCN-COM-0087,Medium,synthetic-design,AUDIT-communication_events-COM-00000023
COM-00000024,2024-11-02T06:32:53,sms,PER-001543,PER-001546,,,,,LOC-003863,229.28,SYNTHETIC,,,true,,SCN-COM-0092,Medium,synthetic-design,AUDIT-communication_events-COM-00000024
COM-00000025,2024-04-20T16:42:32,call,PER-001606,PER-001619,,,,,LOC-006979,248.72,SYNTHETIC,,,true,,SCN-COM-0097,Medium,synthetic-design,AUDIT-communication_events-COM-00000025
COM-00000026,2024-06-10T07:16:03,sms,PER-000561,PER-000568,,,,,LOC-000719,100.16,SYNTHETIC,,,true,,SCN-MIXED-0030,Medium,synthetic-design,AUDIT-communication_events-COM-00000026
COM-00000027,2024-03-06T17:30:32,message,PER-001706,PER-001718,,,,,LOC-008401,67.5,SYNTHETIC,,,true,,SCN-COM-0102,Medium,synthetic-design,AUDIT-communication_events-COM-00000027
COM-00000028,2025-02-08T23:26:46,sms,PER-001786,PER-001788,,,,,LOC-003459,86.31,SYNTHETIC,,,true,,SCN-COM-0107,Medium,synthetic-design,AUDIT-communication_events-COM-00000028
COM-00000029,2024-10-08T16:19:44,call,PER-001878,PER-001880,,,,,LOC-009111,175.65,SYNTHETIC,,,true,,SCN-COM-0112,Medium,synthetic-design,AUDIT-communication_events-COM-00000029
COM-00000030,2025-06-22T01:15:10,data,PER-001980,PER-001981,,,,,LOC-007656,97.99,SYNTHETIC,,,true,,SCN-COM-0117,Medium,synthetic-design,AUDIT-communication_events-COM-00000030
COM-00000031,2025-02-13T07:10:49,message,PER-000633,PER-000672,,,,,LOC-003414,22.74,SYNTHETIC,,,true,,SCN-MIXED-0035,Medium,synthetic-design,AUDIT-communication_events-COM-00000031
COM-00000032,2025-03-01T21:44:06,data,PER-002043,PER-002045,,,,,LOC-001728,41.09,SYNTHETIC,,,true,,SCN-COM-0122,Medium,synthetic-design,AUDIT-communication_events-COM-00000032
COM-00000033,2024-09-04T15:34:20,data,PER-002091,PER-002109,,,,,LOC-003186,5.9,SYNTHETIC,,,true,,SCN-COM-0127,Medium,synthetic-design,AUDIT-communication_events-COM-00000033
COM-00000034,2024-06-22T14:29:57,call,PER-002207,PER-002216,,,,,LOC-002035,288.04,SYNTHETIC,,,true,,SCN-COM-0132,Medium,synthetic-design,AUDIT-communication_events-COM-00000034
COM-00000035,2025-12-13T21:00:10,sms,PER-002264,PER-002283,,,,,LOC-001990,8.85,SYNTHETIC,,,true,,SCN-COM-0137,Medium,synthetic-design,AUDIT-communication_events-COM-00000035
COM-00000036,2025-11-19T12:25:41,message,PER-000746,PER-000749,,,,,LOC-007898,214.05,SYNTHETIC,,,true,,SCN-MIXED-0040,Medium,synthetic-design,AUDIT-communication_events-COM-00000036
COM-00000037,2025-08-06T13:19:17,sms,PER-002357,PER-002363,,,,,LOC-009475,42.76,SYNTHETIC,,,true,,SCN-COM-0142,Medium,synthetic-design,AUDIT-communication_events-COM-00000037
COM-00000038,2025-05-07T19:27:35,message,PER-002477,PER-002483,,,,,LOC-003966,61.52,SYNTHETIC,,,true,,SCN-COM-0147,Medium,synthetic-design,AUDIT-communication_events-COM-00000038
COM-00000039,2025-03-20T00:18:45,call,PER-002551,PER-002566,,,,,LOC-005328,8.93,SYNTHETIC,,,true,,SCN-COM-0152,Medium,synthetic-design,AUDIT-communication_events-COM-00000039
COM-00000040,2024-11-09T03:48:07,message,PER-002637,PER-002649,,,,,LOC-000874,39.08,SYNTHETIC,,,true,,SCN-COM-0157,Medium,synthetic-design,AUDIT-communication_events-COM-00000040
COM-00000041,2025-08-29T15:01:35,call,PER-000825,PER-000840,,,,,LOC-004581,66.5,SYNTHETIC,,,true,,SCN-MIXED-0045,Medium,synthetic-design,AUDIT-communication_events-COM-00000041
COM-00000042,2024-04-28T07:57:32,data,PER-002820,PER-002830,,,,,LOC-004443,33.47,SYNTHETIC,,,true,,SCN-COM-0162,Medium,synthetic-design,AUDIT-communication_events-COM-00000042
COM-00000043,2025-02-17T20:39:24,call,PER-002924,PER-002931,,,,,LOC-007521,63.12,SYNTHETIC,,,true,,SCN-COM-0167,Medium,synthetic-design,AUDIT-communication_events-COM-00000043
COM-00000044,2025-04-25T07:25:20,message,PER-002997,PER-002998,,,,,LOC-003436,269.71,SYNTHETIC,,,true,,SCN-COM-0172,Medium,synthetic-design,AUDIT-communication_events-COM-00000044
COM-00000045,2024-01-04T05:36:13,sms,PER-003108,PER-003122,,,,,LOC-004746,9.26,SYNTHETIC,,,true,,SCN-COM-0177,Medium,synthetic-design,AUDIT-communication_events-COM-00000045
COM-00000046,2024-09-24T16:41:15,message,PER-000895,PER-000901,,,,,LOC-003208,84.54,SYNTHETIC,,,true,,SCN-MIXED-0050,Medium,synthetic-design,AUDIT-communication_events-COM-00000046
COM-00000047,2024-11-15T19:41:11,sms,PER-003211,PER-003215,,,,,LOC-005619,1,SYNTHETIC,,,true,,SCN-COM-0182,Medium,synthetic-design,AUDIT-communication_events-COM-00000047
COM-00000048,2025-10-02T08:38:34,call,PER-003295,PER-003299,,,,,LOC-004400,45.08,SYNTHETIC,,,true,,SCN-COM-0187,Medium,synthetic-design,AUDIT-communication_events-COM-00000048
COM-00000049,2025-09-25T23:11:49,data,PER-003393,PER-003423,,,,,LOC-002572,43.3,SYNTHETIC,,,true,,SCN-COM-0192,Medium,synthetic-design,AUDIT-communication_events-COM-00000049
COM-00000050,2024-01-01T03:12:24,message,PER-003492,PER-003568,,,,,LOC-007472,4.73,SYNTHETIC,,,true,,SCN-COM-0197,Medium,synthetic-design,AUDIT-communication_events-COM-00000050
COM-00000051,2025-09-01T16:07:01,call,PER-000984,PER-001007,,,,,LOC-000542,41.72,SYNTHETIC,,,true,,SCN-MIXED-0055,Medium,synthetic-design,AUDIT-communication_events-COM-00000051
COM-00000052,2024-07-24T19:36:41,message,PER-003643,PER-003644,,,,,LOC-001728,116.98,SYNTHETIC,,,true,,SCN-COM-0202,Medium,synthetic-design,AUDIT-communication_events-COM-00000052
COM-00000053,2025-10-16T00:08:42,call,PER-003702,PER-003723,,,,,LOC-007605,333.03,SYNTHETIC,,,true,,SCN-COM-0207,Medium,synthetic-design,AUDIT-communication_events-COM-00000053
COM-00000054,2025-12-18T16:06:39,call,PER-003800,PER-003803,,,,,LOC-007310,66.32,SYNTHETIC,,,true,,SCN-COM-0212,Medium,synthetic-design,AUDIT-communication_events-COM-00000054
COM-00000055,2024-03-31T23:28:46,message,PER-003890,PER-003897,,,,,LOC-000217,18.02,SYNTHETIC,,,true,,SCN-COM-0217,Medium,synthetic-design,AUDIT-communication_events-COM-00000055
COM-00000056,2025-11-18T20:07:43,call,PER-001085,PER-001098,,,,,LOC-004478,78.74,SYNTHETIC,,,true,,SCN-MIXED-0060,Medium,synthetic-design,AUDIT-communication_events-COM-00000056
COM-00000057,2025-12-29T05:15:11,message,PER-004011,PER-004024,,,,,LOC-007250,340.11,SYNTHETIC,,,true,,SCN-COM-0222,Medium,synthetic-design,AUDIT-communication_events-COM-00000057
COM-00000058,2024-07-20T12:46:51,sms,PER-004068,PER-004069,,,,,LOC-002719,89.08,SYNTHETIC,,,true,,SCN-COM-0227,Medium,synthetic-design,AUDIT-communication_events-COM-00000058
COM-00000059,2024-05-18T18:58:49,sms,PER-004163,PER-004167,,,,,LOC-007598,355.83,SYNTHETIC,,,true,,SCN-COM-0232,Medium,synthetic-design,AUDIT-communication_events-COM-00000059
COM-00000060,2025-10-20T00:15:41,sms,PER-004231,PER-004245,,,,,LOC-000549,114.46,SYNTHETIC,,,true,,SCN-COM-0237,Medium,synthetic-design,AUDIT-communication_events-COM-00000060
COM-00000061,2024-09-20T01:34:21,call,PER-001138,PER-001146,,,,,LOC-001393,6.45,SYNTHETIC,,,true,,SCN-MIXED-0065,Medium,synthetic-design,AUDIT-communication_events-COM-00000061
COM-00000062,2025-03-14T02:56:50,data,PER-004285,PER-004288,,,,,LOC-003587,126.7,SYNTHETIC,,,true,,SCN-COM-0242,Medium,synthetic-design,AUDIT-communication_events-COM-00000062
COM-00000063,2025-04-24T05:56:06,data,PER-004389,PER-004391,,,,,LOC-004104,40.09,SYNTHETIC,,,true,,SCN-COM-0247,Medium,synthetic-design,AUDIT-communication_events-COM-00000063
COM-00000064,2025-03-28T16:04:16,data,PER-004463,PER-004481,,,,,LOC-008914,136.21,SYNTHETIC,,,true,,SCN-COM-0252,Medium,synthetic-design,AUDIT-communication_events-COM-00000064
COM-00000065,2024-04-29T23:00:47,call,PER-004581,PER-004582,,,,,LOC-005682,231.63,SYNTHETIC,,,true,,SCN-COM-0257,Medium,synthetic-design,AUDIT-communication_events-COM-00000065
COM-00000066,2025-12-15T15:04:12,call,PER-001189,PER-001198,,,,,LOC-006582,103.57,SYNTHETIC,,,true,,SCN-MIXED-0070,Medium,synthetic-design,AUDIT-communication_events-COM-00000066
COM-00000067,2024-07-05T10:15:15,sms,PER-004647,PER-004669,,,,,LOC-008666,36.17,SYNTHETIC,,,true,,SCN-COM-0262,Medium,synthetic-design,AUDIT-communication_events-COM-00000067
COM-00000068,2025-05-13T00:24:23,call,PER-004728,PER-004747,,,,,LOC-000991,12.81,SYNTHETIC,,,true,,SCN-COM-0267,Medium,synthetic-design,AUDIT-communication_events-COM-00000068
COM-00000069,2024-07-24T07:41:53,call,PER-004808,PER-004836,,,,,LOC-003920,129.04,SYNTHETIC,,,true,,SCN-COM-0272,Medium,synthetic-design,AUDIT-communication_events-COM-00000069
COM-00000070,2025-06-20T20:12:11,sms,PER-004923,PER-004936,,,,,LOC-008472,39.15,SYNTHETIC,,,true,,SCN-COM-0277,Medium,synthetic-design,AUDIT-communication_events-COM-00000070
COM-00000071,2024-04-27T06:29:53,call,PER-001283,PER-001295,,,,,LOC-006967,57.44,SYNTHETIC,,,true,,SCN-MIXED-0075,Medium,synthetic-design,AUDIT-communication_events-COM-00000071
COM-00000072,2024-10-17T07:30:00,sms,PER-005074,PER-005079,,,,,LOC-007570,107.32,SYNTHETIC,,,true,,SCN-COM-0282,Medium,synthetic-design,AUDIT-communication_events-COM-00000072
COM-00000073,2024-03-07T00:49:00,data,PER-005151,PER-005152,,,,,LOC-005903,41.06,SYNTHETIC,,,true,,SCN-COM-0287,Medium,synthetic-design,AUDIT-communication_events-COM-00000073
COM-00000074,2024-05-03T02:53:06,sms,PER-005246,PER-005260,,,,,LOC-007025,62.47,SYNTHETIC,,,true,,SCN-COM-0292,Medium,synthetic-design,AUDIT-communication_events-COM-00000074
COM-00000075,2025-05-30T20:25:57,sms,PER-005301,PER-005303,,,,,LOC-001617,278.42,SYNTHETIC,,,true,,SCN-COM-0297,Medium,synthetic-design,AUDIT-communication_events-COM-00000075
COM-00000076,2024-01-14T19:03:27,sms,PER-001352,PER-001366,,,,,LOC-009027,245.67,SYNTHETIC,,,true,,SCN-MIXED-0080,Medium,synthetic-design,AUDIT-communication_events-COM-00000076
COM-00000077,2025-10-30T08:10:33,data,PER-005377,PER-005381,,,,,LOC-009875,55.54,SYNTHETIC,,,true,,SCN-COM-0302,Medium,synthetic-design,AUDIT-communication_events-COM-00000077
COM-00000078,2024-06-24T20:35:43,data,PER-005532,PER-005534,,,,,LOC-009834,25.53,SYNTHETIC,,,true,,SCN-COM-0307,Medium,synthetic-design,AUDIT-communication_events-COM-00000078
COM-00000079,2024-01-27T19:00:38,sms,PER-005633,PER-005641,,,,,LOC-001565,381.27,SYNTHETIC,,,true,,SCN-COM-0312,Medium,synthetic-design,AUDIT-communication_events-COM-00000079
COM-00000080,2025-09-22T00:39:55,sms,PER-005783,PER-005807,,,,,LOC-003890,206.11,SYNTHETIC,,,true,,SCN-COM-0317,Medium,synthetic-design,AUDIT-communication_events-COM-00000080
COM-00000081,2025-11-04T18:31:33,sms,PER-001445,PER-001455,,,,,LOC-005763,9.22,SYNTHETIC,,,true,,SCN-MIXED-0085,Medium,synthetic-design,AUDIT-communication_events-COM-00000081
COM-00000082,2025-02-16T13:11:17,data,PER-005904,PER-005921,,,,,LOC-004841,28.69,SYNTHETIC,,,true,,SCN-COM-0322,Medium,synthetic-design,AUDIT-communication_events-COM-00000082
COM-00000083,2025-05-07T10:06:16,data,PER-005974,PER-005980,,,,,LOC-009859,187.78,SYNTHETIC,,,true,,SCN-COM-0327,Medium,synthetic-design,AUDIT-communication_events-COM-00000083
COM-00000084,2024-06-19T13:58:12,data,PER-006115,PER-006137,,,,,LOC-008487,130.06,SYNTHETIC,,,true,,SCN-COM-0332,Medium,synthetic-design,AUDIT-communication_events-COM-00000084
COM-00000085,2024-05-05T09:02:40,call,PER-006192,PER-006212,,,,,LOC-009578,1.7,SYNTHETIC,,,true,,SCN-COM-0337,Medium,synthetic-design,AUDIT-communication_events-COM-00000085
COM-00000086,2024-07-01T10:50:20,call,PER-001524,PER-001527,,,,,LOC-003890,92.26,SYNTHETIC,,,true,,SCN-MIXED-0090,Medium,synthetic-design,AUDIT-communication_events-COM-00000086
COM-00000087,2024-08-26T19:40:27,call,PER-006315,PER-006317,,,,,LOC-004258,171.34,SYNTHETIC,,,true,,SCN-COM-0342,Medium,synthetic-design,AUDIT-communication_events-COM-00000087
COM-00000088,2024-07-05T22:33:08,data,PER-006422,PER-006429,,,,,LOC-005678,122.31,SYNTHETIC,,,true,,SCN-COM-0347,Medium,synthetic-design,AUDIT-communication_events-COM-00000088
COM-00000089,2024-09-23T10:58:13,message,PER-006524,PER-006528,,,,,LOC-005994,69.26,SYNTHETIC,,,true,,SCN-COM-0352,Medium,synthetic-design,AUDIT-communication_events-COM-00000089
COM-00000090,2024-06-11T09:01:26,sms,PER-006561,PER-006576,,,,,LOC-004178,96.44,SYNTHETIC,,,true,,SCN-COM-0357,Medium,synthetic-design,AUDIT-communication_events-COM-00000090
COM-00000091,2024-02-25T22:57:13,message,PER-001590,PER-001592,,,,,LOC-001330,92.14,SYNTHETIC,,,true,,SCN-MIXED-0095,Medium,synthetic-design,AUDIT-communication_events-COM-00000091
COM-00000092,2025-07-20T17:53:17,message,PER-006666,PER-006678,,,,,LOC-008815,64.69,SYNTHETIC,,,true,,SCN-COM-0362,Medium,synthetic-design,AUDIT-communication_events-COM-00000092
COM-00000093,2025-09-18T13:54:52,call,PER-006739,PER-006749,,,,,LOC-000263,42.67,SYNTHETIC,,,true,,SCN-COM-0367,Medium,synthetic-design,AUDIT-communication_events-COM-00000093
COM-00000094,2024-08-11T04:24:19,message,PER-006797,PER-006808,,,,,LOC-008627,263.3,SYNTHETIC,,,true,,SCN-COM-0372,Medium,synthetic-design,AUDIT-communication_events-COM-00000094
COM-00000095,2025-10-12T22:38:03,call,PER-006902,PER-006913,,,,,LOC-000363,20.06,SYNTHETIC,,,true,,SCN-COM-0377,Medium,synthetic-design,AUDIT-communication_events-COM-00000095
COM-00000096,2024-09-29T10:14:17,sms,PER-001686,PER-001695,,,,,LOC-004005,195.05,SYNTHETIC,,,true,,SCN-MIXED-0100,Medium,synthetic-design,AUDIT-communication_events-COM-00000096
COM-00000097,2024-09-12T17:07:46,data,PER-007005,PER-007014,,,,,LOC-001396,8.0,SYNTHETIC,,,true,,SCN-COM-0382,Medium,synthetic-design,AUDIT-communication_events-COM-00000097
COM-00000098,2024-02-24T23:47:26,data,PER-007076,PER-007088,,,,,LOC-002159,74.9,SYNTHETIC,,,true,,SCN-COM-0387,Medium,synthetic-design,AUDIT-communication_events-COM-00000098
COM-00000099,2024-06-24T07:28:28,sms,PER-007165,PER-007175,,,,,LOC-001259,16.59,SYNTHETIC,,,true,,SCN-COM-0392,Medium,synthetic-design,AUDIT-communication_events-COM-00000099
COM-00000100,2025-01-12T07:09:35,message,PER-007303,PER-007315,,,,,LOC-008050,46.81,SYNTHETIC,,,true,,SCN-COM-0397,Medium,synthetic-design,AUDIT-communication_events-COM-00000100
