person_id,name,role,date_of_birth,gender,organization_id,primary_location_id,data_origin,source_dataset,source_record_reference,Synthetic_Flag,Source_Dataset,Generation_Batch_ID,Confidence_Level,Provenance_Mode,Audit_Reference
PER-000001,Ira Kulkarni 1,employee,1966-03-21,M,ORG-00875,LOC-002091,SYNTHETIC,,,true,,,Medium,synthetic-design,AUDIT-persons-PER-000001
PER-000002,Ira Verma 2,employee,1999-12-10,M,ORG-02678,LOC-005374,SYNTHETIC,,,true,,,Medium,synthetic-design,AUDIT-persons-PER-000002
PER-000003,Aarav Iyer 3,engineer,1988-11-17,X,ORG-03287,LOC-005861,SYNTHETIC,,,true,,,Medium,synthetic-design,AUDIT-persons-PER-000003
PER-000004,Kabir Iyer 4,manager,1990-01-18,M,ORG-02232,LOC-007573,SYNTHETIC,,,true,,,Medium,synthetic-design,AUDIT-persons-PER-000004
PER-000005,Ishaan Khan 5,vendor,2000-02-02,X,ORG-01768,LOC-002293,SYNTHETIC,,,true,,,Medium,synthetic-design,AUDIT-persons-PER-000005
PER-000006,Meera Patil 6,analyst,1977-12-25,F,ORG-00629,LOC-008056,SYNTHETIC,,,true,,,Medium,synthetic-design,AUDIT-persons-PER-000006
PER-000007,Arjun Gupta 7,engineer,1992-12-16,F,ORG-01050,LOC-003468,SYNTHETIC,,,true,,,Medium,synthetic-design,AUDIT-persons-PER-000007
PER-000008,Ishaan Mehta 8,researcher,1972-01-23,F,ORG-03491,LOC-007406,SYNTHETIC,,,true,,,Medium,synthetic-design,AUDIT-persons-PER-000008
PER-000009,Diya Singh 9,researcher,2010-04-10,X,ORG-04830,LOC-001210,SYNTHETIC,,,true,,,Medium,synthetic-design,AUDIT-persons-PER-000009
PER-000010,Arjun Gupta 10,driver,1996-04-03,M,ORG-00922,LOC-008464,SYNTHETIC,,,true,,,Medium,synthetic-design,AUDIT-persons-PER-000010
PER-000011,Kabir Khan 11,manager,1981-02-16,M,ORG-01945,LOC-005620,SYNTHETIC,,,true,,,Medium,synthetic-design,AUDIT-persons-PER-000011
PER-000012,Ira Shah 12,resident,1983-12-01,M,ORG-04548,LOC-007176,SYNTHETIC,,,true,,,Medium,synthetic-design,AUDIT-persons-PER-000012
PER-000013,Ira Mehta 13,analyst,2002-09-27,F,ORG-02345,LOC-004857,SYNTHETIC,,,true,,,Medium,synthetic-design,AUDIT-persons-PER-000013
PER-000014,Kavya Reddy 14,student,1976-02-20,M,ORG-00499,LOC-003200,SYNTHETIC,,,true,,,Medium,synthetic-design,AUDIT-persons-PER-000014
PER-000015,Anaya Verma 15,researcher,1965-11-12,X,ORG-03018,LOC-002189,SYNTHETIC,,,true,,,Medium,synthetic-design,AUDIT-persons-PER-000015
PER-000016,Ishaan Pawar 16,employee,2007-07-03,F,ORG-01407,LOC-001550,SYNTHETIC,,,true,,,Medium,synthetic-design,AUDIT-persons-PER-000016
PER-000017,Riya Verma 17,engineer,1965-02-16,F,ORG-02983,LOC-007515,SYNTHETIC,,,true,,,Medium,synthetic-design,AUDIT-persons-PER-000017
PER-000018,Arjun Joshi 18,researcher,2014-01-30,M,ORG-03328,LOC-003598,SYNTHETIC,,,true,,,Medium,synthetic-design,AUDIT-persons-PER-000018
PER-000019,Anaya Verma 19,engineer,2006-10-07,M,ORG-00951,LOC-003483,SYNTHETIC,,,true,,,Medium,synthetic-design,AUDIT-persons-PER-000019
PER-000020,Sara Mehta 20,vendor,1982-02-16,X,ORG-00678,LOC-001987,SYNTHETIC,,,true,,,Medium,synthetic-design,AUDIT-persons-PER-000020
PER-000021,Aanya Pawar 21,vendor,1986-04-05,F,ORG-00003,LOC-004769,SYNTHETIC,,,true,,,Medium,synthetic-design,AUDIT-persons-PER-000021
PER-000022,Anaya Reddy 22,operator,1987-09-27,X,ORG-03155,LOC-004379,SYNTHETIC,,,true,,,Medium,synthetic-design,AUDIT-persons-PER-000022
PER-000023,Arjun Iyer 23,vendor,2012-07-24,M,ORG-03351,LOC-001075,SYNTHETIC,,,true,,,Medium,synthetic-design,AUDIT-persons-PER-000023
PER-000024,Diya Verma 24,manager,1996-12-28,F,ORG-04219,LOC-006311,SYNTHETIC,,,true,,,Medium,synthetic-design,AUDIT-persons-PER-000024
PER-000025,Aditya Joshi 25,researcher,2004-12-04,X,ORG-02420,LOC-000229,SYNTHETIC,,,true,,,Medium,synthetic-design,AUDIT-persons-PER-000025
PER-000026,Aditya Pawar 26,engineer,1982-04-04,F,ORG-04851,LOC-002955,SYNTHETIC,,,true,,,Medium,synthetic-design,AUDIT-persons-PER-000026
PER-000027,Kavya Khan 27,engineer,1994-07-23,X,ORG-00607,LOC-002440,SYNTHETIC,,,true,,,Medium,synthetic-design,AUDIT-persons-PER-000027
PER-000028,Aditya Khan 28,student,1968-10-25,X,ORG-03720,LOC-005995,SYNTHETIC,,,true,,,Medium,synthetic-design,AUDIT-persons-PER-000028
PER-000029,Meera Deshmukh 29,operator,1971-05-11,X,ORG-01012,LOC-006908,SYNTHETIC,,,true,,,Medium,synthetic-design,AUDIT-persons-PER-000029
PER-000030,Vivaan Mehta 30,driver,1966-09-12,M,ORG-00318,LOC-009770,SYNTHETIC,,,true,,,Medium,synthetic-design,AUDIT-persons-PER-000030
PER-000031,Kabir Khan 31,vendor,2012-10-27,M,ORG-00669,LOC-000988,SYNTHETIC,,,true,,,Medium,synthetic-design,AUDIT-persons-PER-000031
PER-000032,Aditya Gupta 32,consultant,1967-02-25,X,ORG-02317,LOC-001063,SYNTHETIC,,,true,,,Medium,synthetic-design,AUDIT-persons-PER-000032
PER-000033,Kabir Mehta 33,engineer,1990-10-15,F,ORG-02856,LOC-007741,SYNTHETIC,,,true,,,Medium,synthetic-design,AUDIT-persons-PER-000033
PER-000034,Ishaan Mehta 34,student,2004-02-23,X,ORG-00808,LOC-002226,SYNTHETIC,,,true,,,Medium,synthetic-design,AUDIT-persons-PER-000034
PER-000035,Sara Singh 35,student,2008-04-24,M,ORG-02448,LOC-006657,SYNTHETIC,,,true,,,Medium,synthetic-design,AUDIT-persons-PER-000035
PER-000036,Riya Kulkarni 36,operator,1978-02-27,X,ORG-00856,LOC-005012,SYNTHETIC,,,true,,,Medium,synthetic-design,AUDIT-persons-PER-000036
PER-000037,Sara Verma 37,operator,2004-03-04,F,ORG-00159,LOC-001675,SYNTHETIC,,,true,,,Medium,synthetic-design,AUDIT-persons-PER-000037
PER-000038,Diya Shah 38,employee,1984-03-14,X,ORG-02869,LOC-009847,SYNTHETIC,,,true,,,Medium,synthetic-design,AUDIT-persons-PER-000038
PER-000039,Arjun Shah 39,driver,1979-09-07,F,ORG-04859,LOC-004775,SYNTHETIC,,,true,,,Medium,synthetic-design,AUDIT-persons-PER-000039
PER-000040,Diya Nair 40,operator,2004-11-06,M,ORG-02845,LOC-003519,SYNTHETIC,,,true,,,Medium,synthetic-design,AUDIT-persons-PER-000040
PER-000041,Kabir Shah 41,engineer,1965-02-19,F,ORG-02852,LOC-005127,SYNTHETIC,,,true,,,Medium,synthetic-design,AUDIT-persons-PER-000041
PER-000042,Vivaan Pawar 42,vendor,1995-01-14,X,ORG-00194,LOC-004839,SYNTHETIC,,,true,,,Medium,synthetic-design,AUDIT-persons-PER-000042
PER-000043,Anaya Singh 43,employee,1978-10-10,X,ORG-00846,LOC-005872,SYNTHETIC,,,true,,,Medium,synthetic-design,AUDIT-persons-PER-000043
PER-000044,Ira Patil 44,vendor,1976-08-12,M,ORG-00067,LOC-007809,SYNTHETIC,,,true,,,Medium,synthetic-design,AUDIT-persons-PER-000044
PER-000045,Riya Gupta 45,resident,1983-11-01,X,ORG-00600,LOC-007117,SYNTHETIC,,,true,,,Medium,synthetic-design,AUDIT-persons-PER-000045
PER-000046,Arjun Nair 46,employee,1984-08-27,X,ORG-00012,LOC-001965,SYNTHETIC,,,true,,,Medium,synthetic-design,AUDIT-persons-PER-000046
PER-000047,Aditya Reddy 47,manager,2013-02-10,M,ORG-00083,LOC-003701,SYNTHETIC,,,true,,,Medium,synthetic-design,AUDIT-persons-PER-000047
PER-000048,Rohan Mehta 48,operator,1991-12-30,X,ORG-01411,LOC-005205,SYNTHETIC,,,true,,,Medium,synthetic-design,AUDIT-persons-PER-000048
PER-000049,Sara Verma 49,manager,1985-12-27,F,ORG-04903,LOC-005858,SYNTHETIC,,,true,,,Medium,synthetic-design,AUDIT-persons-PER-000049
PER-000050,Kavya Nair 50,resident,1995-04-13,M,ORG-02210,LOC-001076,SYNTHETIC,,,true,,,Medium,synthetic-design,AUDIT-persons-PER-000050
PER-000051,Aditya Deshmukh 51,operator,1991-10-13,M,ORG-03097,LOC-004072,SYNTHETIC,,,true,,,Medium,synthetic-design,AUDIT-persons-PER-000051
PER-000052,Anaya Kulkarni 52,researcher,1990-05-24,X,ORG-03086,LOC-007471,SYNTHETIC,,,true,,,Medium,synthetic-design,AUDIT-persons-PER-000052
PER-000053,Vivaan Khan 53,student,1967-10-24,X,ORG-04441,LOC-006029,SYNTHETIC,,,true,,,Medium,synthetic-design,AUDIT-persons-PER-000053
PER-000054,Aditya Mehta 54,researcher,2012-01-14,X,ORG-00799,LOC-008982,SYNTHETIC,,,true,,,Medium,synthetic-design,AUDIT-persons-PER-000054
PER-000055,Aarav Nair 55,resident,1986-05-15,X,ORG-04560,LOC-005031,SYNTHETIC,,,true,,,Medium,synthetic-design,AUDIT-persons-PER-000055
PER-000056,Ishaan Singh 56,vendor,1981-10-17,F,ORG-01866,LOC-007862,SYNTHETIC,,,true,,,Medium,synthetic-design,AUDIT-persons-PER-000056
PER-000057,Ishaan Patil 57,researcher,1988-09-17,F,ORG-04314,LOC-006531,SYNTHETIC,,,true,,,Medium,synthetic-design,AUDIT-persons-PER-000057
PER-000058,Nisha Joshi 58,consultant,1990-09-30,M,ORG-03274,LOC-005989,SYNTHETIC,,,true,,,Medium,synthetic-design,AUDIT-persons-PER-000058
PER-000059,Nisha Deshmukh 59,analyst,1986-10-13,X,ORG-02716,LOC-003945,SYNTHETIC,,,true,,,Medium,synthetic-design,AUDIT-persons-PER-000059
PER-000060,Ishaan Khan 60,analyst,1996-12-28,F,ORG-03042,LOC-000355,SYNTHETIC,,,true,,,Medium,synthetic-design,AUDIT-persons-PER-000060
PER-000061,Aarav Pawar 61,researcher,1969-10-04,X,ORG-03889,LOC-002307,SYNTHETIC,,,true,,,Medium,synthetic-design,AUDIT-persons-PER-000061
PER-000062,Anaya Verma 62,operator,1971-09-24,X,ORG-00152,LOC-003846,SYNTHETIC,,,true,,,Medium,synthetic-design,AUDIT-persons-PER-000062
PER-000063,Diya Nair 63,vendor,2005-09-11,X,ORG-00900,LOC-005674,SYNTHETIC,,,true,,,Medium,synthetic-design,AUDIT-persons-PER-000063
PER-000064,Kavya Mehta 64,analyst,1999-11-11,X,ORG-00907,LOC-006624,SYNTHETIC,,,true,,,Medium,synthetic-design,AUDIT-persons-PER-000064
PER-000065,Meera Mehta 65,resident,1990-04-16,M,ORG-04472,LOC-000066,SYNTHETIC,,,true,,,Medium,synthetic-design,AUDIT-persons-PER-000065
PER-000066,Sara Deshmukh 66,engineer,1998-10-19,X,ORG-01751,LOC-001170,SYNTHETIC,,,true,,,Medium,synthetic-design,AUDIT-persons-PER-000066
PER-000067,Ira Gupta 67,analyst,1979-06-18,X,ORG-00342,LOC-005201,SYNTHETIC,,,true,,,Medium,synthetic-design,AUDIT-persons-PER-000067
PER-000068,Vivaan Shah 68,consultant,1969-10-29,M,ORG-04567,LOC-004302,SYNTHETIC,,,true,,,Medium,synthetic-design,AUDIT-persons-PER-000068
PER-000069,Diya Singh 69,employee,2008-01-27,X,ORG-04687,LOC-003713,SYNTHETIC,,,true,,,Medium,synthetic-design,AUDIT-persons-PER-000069
PER-000070,Aarav Patil 70,vendor,1983-07-12,F,ORG-00873,LOC-004255,SYNTHETIC,,,true,,,Medium,synthetic-design,AUDIT-persons-PER-000070
PER-000071,Riya Nair 71,engineer,1987-08-22,M,ORG-02884,LOC-004960,SYNTHETIC,,,true,,,Medium,synthetic-design,AUDIT-persons-PER-000071
PER-000072,Arjun Reddy 72,vendor,2004-08-06,M,ORG-01871,LOC-004405,SYNTHETIC,,,true,,,Medium,synthetic-design,AUDIT-persons-PER-000072
PER-000073,Ira Nair 73,driver,1976-11-22,X,ORG-04317,LOC-006319,SYNTHETIC,,,true,,,Medium,synthetic-design,AUDIT-persons-PER-000073
PER-000074,Ishaan Shah 74,resident,2001-12-05,F,ORG-03589,LOC-006914,SYNTHETIC,,,true,,,Medium,synthetic-design,AUDIT-persons-PER-000074
PER-000075,Ishaan Kulkarni 75,operator,1981-10-23,F,ORG-03853,LOC-009536,SYNTHETIC,,,true,,,Medium,synthetic-design,AUDIT-persons-PER-000075
PER-000076,Arjun Joshi 76,vendor,1994-10-12,F,ORG-03314,LOC-003273,SYNTHETIC,,,true,,,Medium,synthetic-design,AUDIT-persons-PER-000076
PER-000077,Sara Pawar 77,manager,1992-03-17,X,ORG-02766,LOC-001646,SYNTHETIC,,,true,,,Medium,synthetic-design,AUDIT-persons-PER-000077
PER-000078,Nisha Deshmukh 78,employee,1978-02-17,F,ORG-00081,LOC-004219,SYNTHETIC,,,true,,,Medium,synthetic-design,AUDIT-persons-PER-000078
PER-000079,Meera Deshmukh 79,vendor,2008-01-08,M,ORG-00442,LOC-009952,SYNTHETIC,,,true,,,Medium,synthetic-design,AUDIT-persons-PER-000079
PER-000080,Rohan Gupta 80,manager,1984-07-09,M,ORG-01446,LOC-001290,SYNTHETIC,,,true,,,Medium,synthetic-design,AUDIT-persons-PER-000080
PER-000081,Diya Patil 81,analyst,1968-12-30,X,ORG-01716,LOC-005564,SYNTHETIC,,,true,,,Medium,synthetic-design,AUDIT-persons-PER-000081
PER-000082,Arjun Verma 82,driver,1995-11-22,M,ORG-02234,LOC-003480,SYNTHETIC,,,true,,,Medium,synthetic-design,AUDIT-persons-PER-000082
PER-000083,Rohan Iyer 83,resident,1973-04-19,X,ORG-04840,LOC-007075,SYNTHETIC,,,true,,,Medium,synthetic-design,AUDIT-persons-PER-000083
PER-000084,Arjun Joshi 84,employee,2003-08-30,F,ORG-04027,LOC-005808,SYNTHETIC,,,true,,,Medium,synthetic-design,AUDIT-persons-PER-000084
PER-000085,Kavya Deshmukh 85,consultant,1994-11-27,M,ORG-00930,LOC-007632,SYNTHETIC,,,true,,,Medium,synthetic-design,AUDIT-persons-PER-000085
PER-000086,Riya Mehta 86,manager,2002-07-31,F,ORG-00048,LOC-006141,SYNTHETIC,,,true,,,Medium,synthetic-design,AUDIT-persons-PER-000086
PER-000087,Vivaan Joshi 87,analyst,2008-03-09,F,ORG-04657,LOC-002255,SYNTHETIC,,,true,,,Medium,synthetic-design,AUDIT-persons-PER-000087
PER-000088,Arjun Verma 88,consultant,1994-09-05,X,ORG-03491,LOC-000954,SYNTHETIC,,,true,,,Medium,synthetic-design,AUDIT-persons-PER-000088
PER-000089,Nisha Khan 89,operator,2012-10-27,F,ORG-01651,LOC-009767,SYNTHETIC,,,true,,,Medium,synthetic-design,AUDIT-persons-PER-000089
PER-000090,Sara Reddy 90,vendor,1990-09-20,M,ORG-03656,LOC-009158,SYNTHETIC,,,true,,,Medium,synthetic-design,AUDIT-persons-PER-000090
PER-000091,Aanya Reddy 91,resident,1969-11-12,M,ORG-01043,LOC-006248,SYNTHETIC,,,true,,,Medium,synthetic-design,AUDIT-persons-PER-000091
PER-000092,Ishaan Mehta 92,resident,1985-09-07,M,ORG-04366,LOC-008750,SYNTHETIC,,,true,,,Medium,synthetic-design,AUDIT-persons-PER-000092
PER-000093,Aarav Singh 93,student,1984-11-12,M,ORG-04196,LOC-002401,SYNTHETIC,,,true,,,Medium,synthetic-design,AUDIT-persons-PER-000093
PER-000094,Rohan Singh 94,analyst,1976-11-28,F,ORG-02677,LOC-000666,SYNTHETIC,,,true,,,Medium,synthetic-design,AUDIT-persons-PER-000094
PER-000095,Riya Gupta 95,operator,2013-11-13,F,ORG-03123,LOC-007335,SYNTHETIC,,,true,,,Medium,synthetic-design,AUDIT-persons-PER-000095
PER-000096,Aarav Shah 96,resident,2000-05-27,F,ORG-04568,LOC-008157,SYNTHETIC,,,true,,,Medium,synthetic-design,AUDIT-persons-PER-000096
PER-000097,Aanya Reddy 97,researcher,1974-03-08,X,ORG-03943,LOC-002173,SYNTHETIC,,,true,,,Medium,synthetic-design,AUDIT-persons-PER-000097
PER-000098,Anaya Reddy 98,researcher,1977-02-22,F,ORG-01199,LOC-006303,SYNTHETIC,,,true,,,Medium,synthetic-design,AUDIT-persons-PER-000098
PER-000099,Arjun Shah 99,vendor,1973-01-14,F,ORG-04891,LOC-009726,SYNTHETIC,,,true,,,Medium,synthetic-design,AUDIT-persons-PER-000099
PER-000100,Nisha Joshi 100,vendor,2003-10-19,F,ORG-00628,LOC-008633,SYNTHETIC,,,true,,,Medium,synthetic-design,AUDIT-persons-PER-000100
